instruction,domain,intent,sub_intent,tool,response_mode,entity_product,entity_merchant,entity_brand,entity_category,entity_price_min,entity_price_max,entity_location,entity_radius,requires_memory,requires_rag,requires_recommendation,planner_action,workflow_type,planner_actions,planner_action_count,tool_sequence
Find bananas.,PRODUCT,SEARCH,SEARCH,merchant_search,hybrid,Bananas,,,,,,,,false,false,false,SEARCH_PRODUCT,single,SEARCH_PRODUCT,1,merchant_search
Search for whole milk.,PRODUCT,SEARCH,SEARCH,merchant_search,hybrid,Whole Milk,,,,,,,,false,false,false,SEARCH_PRODUCT,single,SEARCH_PRODUCT,1,merchant_search
Show me eggs.,PRODUCT,SEARCH,SEARCH,merchant_search,hybrid,Eggs,,,,,,,,false,false,false,SEARCH_PRODUCT,single,SEARCH_PRODUCT,1,merchant_search
Look for basmati rice.,PRODUCT,SEARCH,SEARCH,merchant_search,hybrid,Basmati Rice,,,,,,,,false,false,false,SEARCH_PRODUCT,single,SEARCH_PRODUCT,1,merchant_search
Find a loaf of bread.,PRODUCT,SEARCH,SEARCH,merchant_search,hybrid,Bread,,,,,,,,false,false,false,SEARCH_PRODUCT,single,SEARCH_PRODUCT,1,merchant_search
Search for orange juice.,PRODUCT,SEARCH,SEARCH,merchant_search,hybrid,Orange Juice,,,,,,,,false,false,false,SEARCH_PRODUCT,single,SEARCH_PRODUCT,1,merchant_search
Show me butter.,PRODUCT,SEARCH,SEARCH,merchant_search,hybrid,Butter,,,,,,,,false,false,false,SEARCH_PRODUCT,single,SEARCH_PRODUCT,1,merchant_search
Look up ground coffee.,PRODUCT,SEARCH,SEARCH,merchant_search,hybrid,Ground Coffee,,,,,,,,false,false,false,SEARCH_PRODUCT,single,SEARCH_PRODUCT,1,merchant_search
Find spaghetti.,PRODUCT,SEARCH,SEARCH,merchant_search,hybrid,Spaghetti,,,,,,,,false,false,false,SEARCH_PRODUCT,single,SEARCH_PRODUCT,1,merchant_search
Search for tomato sauce.,PRODUCT,SEARCH,SEARCH,merchant_search,hybrid,Tomato Sauce,,,,,,,,false,false,false,SEARCH_PRODUCT,single,SEARCH_PRODUCT,1,merchant_search
Show me Greek yogurt.,PRODUCT,SEARCH,SEARCH,merchant_search,hybrid,Greek Yogurt,,,,,,,,false,false,false,SEARCH_PRODUCT,single,SEARCH_PRODUCT,1,merchant_search
Find chicken breast.,PRODUCT,SEARCH,SEARCH,merchant_search,hybrid,Chicken Breast,,,,,,,,false,false,false,SEARCH_PRODUCT,single,SEARCH_PRODUCT,1,merchant_search
Look for apples.,PRODUCT,SEARCH,SEARCH,merchant_search,hybrid,Apples,,,,,,,,false,false,false,SEARCH_PRODUCT,single,SEARCH_PRODUCT,1,merchant_search
Search for mineral water.,PRODUCT,SEARCH,SEARCH,merchant_search,hybrid,Mineral Water,,,,,,,,false,false,false,SEARCH_PRODUCT,single,SEARCH_PRODUCT,1,merchant_search
Show me cornflakes.,PRODUCT,SEARCH,SEARCH,merchant_search,hybrid,Cornflakes,,,,,,,,false,false,false,SEARCH_PRODUCT,single,SEARCH_PRODUCT,1,merchant_search
Find frozen peas.,PRODUCT,SEARCH,SEARCH,merchant_search,hybrid,Frozen Peas,,,,,,,,false,false,false,SEARCH_PRODUCT,single,SEARCH_PRODUCT,1,merchant_search
Search for cheddar cheese.,PRODUCT,SEARCH,SEARCH,merchant_search,hybrid,Cheddar Cheese,,,,,,,,false,false,false,SEARCH_PRODUCT,single,SEARCH_PRODUCT,1,merchant_search
Look up olive oil.,PRODUCT,SEARCH,SEARCH,merchant_search,hybrid,Olive Oil,,,,,,,,false,false,false,SEARCH_PRODUCT,single,SEARCH_PRODUCT,1,merchant_search
Show me black tea.,PRODUCT,SEARCH,SEARCH,merchant_search,hybrid,Black Tea,,,,,,,,false,false,false,SEARCH_PRODUCT,single,SEARCH_PRODUCT,1,merchant_search
Find potato chips.,PRODUCT,SEARCH,SEARCH,merchant_search,hybrid,Potato Chips,,,,,,,,false,false,false,SEARCH_PRODUCT,single,SEARCH_PRODUCT,1,merchant_search
Find milk under €2.,PRODUCT,SEARCH,SEARCH_BY_PRICE,merchant_search,hybrid,Milk,,,,,2.0,,,false,false,true,SEARCH_PRODUCT_BY_PRICE,single,SEARCH_PRODUCT_BY_PRICE,1,merchant_search
Show me coffee below €6.,PRODUCT,SEARCH,SEARCH_BY_PRICE,merchant_search,hybrid,Coffee,,,,,6.0,,,false,false,true,SEARCH_PRODUCT_BY_PRICE,single,SEARCH_PRODUCT_BY_PRICE,1,merchant_search
Search for bread for no more than €3.,PRODUCT,SEARCH,SEARCH_BY_PRICE,merchant_search,hybrid,Bread,,,,,3.0,,,false,false,true,SEARCH_PRODUCT_BY_PRICE,single,SEARCH_PRODUCT_BY_PRICE,1,merchant_search
Find olive oil under €8.,PRODUCT,SEARCH,SEARCH_BY_PRICE,merchant_search,hybrid,Olive Oil,,,,,8.0,,,false,false,true,SEARCH_PRODUCT_BY_PRICE,single,SEARCH_PRODUCT_BY_PRICE,1,merchant_search
Show eggs costing less than €4.,PRODUCT,SEARCH,SEARCH_BY_PRICE,merchant_search,hybrid,Eggs,,,,,4.0,,,false,false,true,SEARCH_PRODUCT_BY_PRICE,single,SEARCH_PRODUCT_BY_PRICE,1,merchant_search
Search for pasta below €2.50.,PRODUCT,SEARCH,SEARCH_BY_PRICE,merchant_search,hybrid,Pasta,,,,,2.5,,,false,false,true,SEARCH_PRODUCT_BY_PRICE,single,SEARCH_PRODUCT_BY_PRICE,1,merchant_search
Find yogurt between €1 and €3.,PRODUCT,SEARCH,SEARCH_BY_PRICE,merchant_search,hybrid,Yogurt,,,,1.0,3.0,,,false,false,true,SEARCH_PRODUCT_BY_PRICE,single,SEARCH_PRODUCT_BY_PRICE,1,merchant_search
Show rice from €2 to €5.,PRODUCT,SEARCH,SEARCH_BY_PRICE,merchant_search,hybrid,Rice,,,,2.0,5.0,,,false,false,true,SEARCH_PRODUCT_BY_PRICE,single,SEARCH_PRODUCT_BY_PRICE,1,merchant_search
Search for cheese under €5.,PRODUCT,SEARCH,SEARCH_BY_PRICE,merchant_search,hybrid,Cheese,,,,,5.0,,,false,false,true,SEARCH_PRODUCT_BY_PRICE,single,SEARCH_PRODUCT_BY_PRICE,1,merchant_search
Find orange juice below €3.,PRODUCT,SEARCH,SEARCH_BY_PRICE,merchant_search,hybrid,Orange Juice,,,,,3.0,,,false,false,true,SEARCH_PRODUCT_BY_PRICE,single,SEARCH_PRODUCT_BY_PRICE,1,merchant_search
Show butter for at most €4.,PRODUCT,SEARCH,SEARCH_BY_PRICE,merchant_search,hybrid,Butter,,,,,4.0,,,false,false,true,SEARCH_PRODUCT_BY_PRICE,single,SEARCH_PRODUCT_BY_PRICE,1,merchant_search
Search for apples under €2 per kilo.,PRODUCT,SEARCH,SEARCH_BY_PRICE,merchant_search,hybrid,Apples,,,,,2.0,,,false,false,true,SEARCH_PRODUCT_BY_PRICE,single,SEARCH_PRODUCT_BY_PRICE,1,merchant_search
Find frozen pizza below €4.,PRODUCT,SEARCH,SEARCH_BY_PRICE,merchant_search,hybrid,Frozen Pizza,,,,,4.0,,,false,false,true,SEARCH_PRODUCT_BY_PRICE,single,SEARCH_PRODUCT_BY_PRICE,1,merchant_search
Show cereal between €2 and €4.,PRODUCT,SEARCH,SEARCH_BY_PRICE,merchant_search,hybrid,Cereal,,,,2.0,4.0,,,false,false,true,SEARCH_PRODUCT_BY_PRICE,single,SEARCH_PRODUCT_BY_PRICE,1,merchant_search
Search for chocolate under €3.,PRODUCT,SEARCH,SEARCH_BY_PRICE,merchant_search,hybrid,Chocolate,,,,,3.0,,,false,false,true,SEARCH_PRODUCT_BY_PRICE,single,SEARCH_PRODUCT_BY_PRICE,1,merchant_search
Find chicken breast for less than €10.,PRODUCT,SEARCH,SEARCH_BY_PRICE,merchant_search,hybrid,Chicken Breast,,,,,10.0,,,false,false,true,SEARCH_PRODUCT_BY_PRICE,single,SEARCH_PRODUCT_BY_PRICE,1,merchant_search
Show mineral water below €1.50.,PRODUCT,SEARCH,SEARCH_BY_PRICE,merchant_search,hybrid,Mineral Water,,,,,1.5,,,false,false,true,SEARCH_PRODUCT_BY_PRICE,single,SEARCH_PRODUCT_BY_PRICE,1,merchant_search
Search for tomato sauce from €1 to €2.50.,PRODUCT,SEARCH,SEARCH_BY_PRICE,merchant_search,hybrid,Tomato Sauce,,,,1.0,2.5,,,false,false,true,SEARCH_PRODUCT_BY_PRICE,single,SEARCH_PRODUCT_BY_PRICE,1,merchant_search
Find ice cream under €5.,PRODUCT,SEARCH,SEARCH_BY_PRICE,merchant_search,hybrid,Ice Cream,,,,,5.0,,,false,false,true,SEARCH_PRODUCT_BY_PRICE,single,SEARCH_PRODUCT_BY_PRICE,1,merchant_search
Show tea for no more than €4.,PRODUCT,SEARCH,SEARCH_BY_PRICE,merchant_search,hybrid,Tea,,,,,4.0,,,false,false,true,SEARCH_PRODUCT_BY_PRICE,single,SEARCH_PRODUCT_BY_PRICE,1,merchant_search
Show me Alpro products.,PRODUCT,SEARCH,SEARCH_BY_BRAND,merchant_search,hybrid,Food and Drinks,,Alpro,,,,,,false,false,false,SEARCH_PRODUCT_BY_BRAND,single,SEARCH_PRODUCT_BY_BRAND,1,merchant_search
Find Coca-Cola drinks.,PRODUCT,SEARCH,SEARCH_BY_BRAND,merchant_search,hybrid,Soft Drinks,,Coca-Cola,,,,,,false,false,false,SEARCH_PRODUCT_BY_BRAND,single,SEARCH_PRODUCT_BY_BRAND,1,merchant_search
Search for Barilla pasta.,PRODUCT,SEARCH,SEARCH_BY_BRAND,merchant_search,hybrid,Pasta,,Barilla,,,,,,false,false,false,SEARCH_PRODUCT_BY_BRAND,single,SEARCH_PRODUCT_BY_BRAND,1,merchant_search
Show me Kellogg's cereal.,PRODUCT,SEARCH,SEARCH_BY_BRAND,merchant_search,hybrid,Cereal,,Kellogg's,,,,,,false,false,false,SEARCH_PRODUCT_BY_BRAND,single,SEARCH_PRODUCT_BY_BRAND,1,merchant_search
Find Nutella spread.,PRODUCT,SEARCH,SEARCH_BY_BRAND,merchant_search,hybrid,Hazelnut Spread,,Nutella,,,,,,false,false,false,SEARCH_PRODUCT_BY_BRAND,single,SEARCH_PRODUCT_BY_BRAND,1,merchant_search
Search for Nivea products.,PRODUCT,SEARCH,SEARCH_BY_BRAND,merchant_search,hybrid,Personal Care,,Nivea,,,,,,false,false,false,SEARCH_PRODUCT_BY_BRAND,single,SEARCH_PRODUCT_BY_BRAND,1,merchant_search
Show me Milka chocolate.,PRODUCT,SEARCH,SEARCH_BY_BRAND,merchant_search,hybrid,Chocolate,,Milka,,,,,,false,false,false,SEARCH_PRODUCT_BY_BRAND,single,SEARCH_PRODUCT_BY_BRAND,1,merchant_search
Find Oatly drinks.,PRODUCT,SEARCH,SEARCH_BY_BRAND,merchant_search,hybrid,Plant-Based Drinks,,Oatly,,,,,,false,false,false,SEARCH_PRODUCT_BY_BRAND,single,SEARCH_PRODUCT_BY_BRAND,1,merchant_search
Search for Heinz ketchup.,PRODUCT,SEARCH,SEARCH_BY_BRAND,merchant_search,hybrid,Ketchup,,Heinz,,,,,,false,false,false,SEARCH_PRODUCT_BY_BRAND,single,SEARCH_PRODUCT_BY_BRAND,1,merchant_search
Show me Dr. Oetker pizza.,PRODUCT,SEARCH,SEARCH_BY_BRAND,merchant_search,hybrid,Pizza,,Dr. Oetker,,,,,,false,false,false,SEARCH_PRODUCT_BY_BRAND,single,SEARCH_PRODUCT_BY_BRAND,1,merchant_search
Find Lavazza coffee.,PRODUCT,SEARCH,SEARCH_BY_BRAND,merchant_search,hybrid,Coffee,,Lavazza,,,,,,false,false,false,SEARCH_PRODUCT_BY_BRAND,single,SEARCH_PRODUCT_BY_BRAND,1,merchant_search
Search for Ben & Jerry's ice cream.,PRODUCT,SEARCH,SEARCH_BY_BRAND,merchant_search,hybrid,Ice Cream,,Ben & Jerry's,,,,,,false,false,false,SEARCH_PRODUCT_BY_BRAND,single,SEARCH_PRODUCT_BY_BRAND,1,merchant_search
Show me Ritter Sport chocolate.,PRODUCT,SEARCH,SEARCH_BY_BRAND,merchant_search,hybrid,Chocolate,,Ritter Sport,,,,,,false,false,false,SEARCH_PRODUCT_BY_BRAND,single,SEARCH_PRODUCT_BY_BRAND,1,merchant_search
Find Maggi products.,PRODUCT,SEARCH,SEARCH_BY_BRAND,merchant_search,hybrid,Food Products,,Maggi,,,,,,false,false,false,SEARCH_PRODUCT_BY_BRAND,single,SEARCH_PRODUCT_BY_BRAND,1,merchant_search
Search for Philadelphia cream cheese.,PRODUCT,SEARCH,SEARCH_BY_BRAND,merchant_search,hybrid,Cream Cheese,,Philadelphia,,,,,,false,false,false,SEARCH_PRODUCT_BY_BRAND,single,SEARCH_PRODUCT_BY_BRAND,1,merchant_search
Show me Ferrero products.,PRODUCT,SEARCH,SEARCH_BY_BRAND,merchant_search,hybrid,Confectionery,,Ferrero,,,,,,false,false,false,SEARCH_PRODUCT_BY_BRAND,single,SEARCH_PRODUCT_BY_BRAND,1,merchant_search
Find Ariel detergent.,PRODUCT,SEARCH,SEARCH_BY_BRAND,merchant_search,hybrid,Laundry Detergent,,Ariel,,,,,,false,false,false,SEARCH_PRODUCT_BY_BRAND,single,SEARCH_PRODUCT_BY_BRAND,1,merchant_search
Search for Persil laundry products.,PRODUCT,SEARCH,SEARCH_BY_BRAND,merchant_search,hybrid,Laundry Products,,Persil,,,,,,false,false,false,SEARCH_PRODUCT_BY_BRAND,single,SEARCH_PRODUCT_BY_BRAND,1,merchant_search
Show me Red Bull drinks.,PRODUCT,SEARCH,SEARCH_BY_BRAND,merchant_search,hybrid,Energy Drinks,,Red Bull,,,,,,false,false,false,SEARCH_PRODUCT_BY_BRAND,single,SEARCH_PRODUCT_BY_BRAND,1,merchant_search
Find Müller yogurt.,PRODUCT,SEARCH,SEARCH_BY_BRAND,merchant_search,hybrid,Yogurt,,Müller,,,,,,false,false,false,SEARCH_PRODUCT_BY_BRAND,single,SEARCH_PRODUCT_BY_BRAND,1,merchant_search
Show me dairy products.,PRODUCT,SEARCH,SEARCH_BY_CATEGORY,merchant_search,hybrid,,,,Dairy,,,,,false,false,false,SEARCH_PRODUCT_BY_CATEGORY,single,SEARCH_PRODUCT_BY_CATEGORY,1,merchant_search
Find frozen foods.,PRODUCT,SEARCH,SEARCH_BY_CATEGORY,merchant_search,hybrid,,,,Frozen Food,,,,,false,false,false,SEARCH_PRODUCT_BY_CATEGORY,single,SEARCH_PRODUCT_BY_CATEGORY,1,merchant_search
Search for breakfast cereals.,PRODUCT,SEARCH,SEARCH_BY_CATEGORY,merchant_search,hybrid,,,,Breakfast Cereal,,,,,false,false,false,SEARCH_PRODUCT_BY_CATEGORY,single,SEARCH_PRODUCT_BY_CATEGORY,1,merchant_search
Show me soft drinks.,PRODUCT,SEARCH,SEARCH_BY_CATEGORY,merchant_search,hybrid,,,,Soft Drinks,,,,,false,false,false,SEARCH_PRODUCT_BY_CATEGORY,single,SEARCH_PRODUCT_BY_CATEGORY,1,merchant_search
Find fresh fruit.,PRODUCT,SEARCH,SEARCH_BY_CATEGORY,merchant_search,hybrid,,,,Fresh Fruit,,,,,false,false,false,SEARCH_PRODUCT_BY_CATEGORY,single,SEARCH_PRODUCT_BY_CATEGORY,1,merchant_search
Search for vegetables.,PRODUCT,SEARCH,SEARCH_BY_CATEGORY,merchant_search,hybrid,,,,Vegetables,,,,,false,false,false,SEARCH_PRODUCT_BY_CATEGORY,single,SEARCH_PRODUCT_BY_CATEGORY,1,merchant_search
Show me bakery products.,PRODUCT,SEARCH,SEARCH_BY_CATEGORY,merchant_search,hybrid,,,,Bakery,,,,,false,false,false,SEARCH_PRODUCT_BY_CATEGORY,single,SEARCH_PRODUCT_BY_CATEGORY,1,merchant_search
Find snacks.,PRODUCT,SEARCH,SEARCH_BY_CATEGORY,merchant_search,hybrid,,,,Snacks,,,,,false,false,false,SEARCH_PRODUCT_BY_CATEGORY,single,SEARCH_PRODUCT_BY_CATEGORY,1,merchant_search
Search for coffee and tea.,PRODUCT,SEARCH,SEARCH_BY_CATEGORY,merchant_search,hybrid,,,,Coffee and Tea,,,,,false,false,false,SEARCH_PRODUCT_BY_CATEGORY,single,SEARCH_PRODUCT_BY_CATEGORY,1,merchant_search
Show me pasta and rice.,PRODUCT,SEARCH,SEARCH_BY_CATEGORY,merchant_search,hybrid,,,,Pasta and Rice,,,,,false,false,false,SEARCH_PRODUCT_BY_CATEGORY,single,SEARCH_PRODUCT_BY_CATEGORY,1,merchant_search
Find cleaning products.,PRODUCT,SEARCH,SEARCH_BY_CATEGORY,merchant_search,hybrid,,,,Cleaning Products,,,,,false,false,false,SEARCH_PRODUCT_BY_CATEGORY,single,SEARCH_PRODUCT_BY_CATEGORY,1,merchant_search
Search for baby food.,PRODUCT,SEARCH,SEARCH_BY_CATEGORY,merchant_search,hybrid,,,,Baby Food,,,,,false,false,false,SEARCH_PRODUCT_BY_CATEGORY,single,SEARCH_PRODUCT_BY_CATEGORY,1,merchant_search
Show me pet food.,PRODUCT,SEARCH,SEARCH_BY_CATEGORY,merchant_search,hybrid,,,,Pet Food,,,,,false,false,false,SEARCH_PRODUCT_BY_CATEGORY,single,SEARCH_PRODUCT_BY_CATEGORY,1,merchant_search
Find personal care products.,PRODUCT,SEARCH,SEARCH_BY_CATEGORY,merchant_search,hybrid,,,,Personal Care,,,,,false,false,false,SEARCH_PRODUCT_BY_CATEGORY,single,SEARCH_PRODUCT_BY_CATEGORY,1,merchant_search
Search for meat and poultry.,PRODUCT,SEARCH,SEARCH_BY_CATEGORY,merchant_search,hybrid,,,,Meat and Poultry,,,,,false,false,false,SEARCH_PRODUCT_BY_CATEGORY,single,SEARCH_PRODUCT_BY_CATEGORY,1,merchant_search
Show me vegetarian products.,PRODUCT,SEARCH,SEARCH_BY_CATEGORY,merchant_search,hybrid,,,,Vegetarian,,,,,false,false,false,SEARCH_PRODUCT_BY_CATEGORY,single,SEARCH_PRODUCT_BY_CATEGORY,1,merchant_search
Find canned foods.,PRODUCT,SEARCH,SEARCH_BY_CATEGORY,merchant_search,hybrid,,,,Canned Food,,,,,false,false,false,SEARCH_PRODUCT_BY_CATEGORY,single,SEARCH_PRODUCT_BY_CATEGORY,1,merchant_search
Search for sauces and condiments.,PRODUCT,SEARCH,SEARCH_BY_CATEGORY,merchant_search,hybrid,,,,Sauces and Condiments,,,,,false,false,false,SEARCH_PRODUCT_BY_CATEGORY,single,SEARCH_PRODUCT_BY_CATEGORY,1,merchant_search
Show me desserts.,PRODUCT,SEARCH,SEARCH_BY_CATEGORY,merchant_search,hybrid,,,,Desserts,,,,,false,false,false,SEARCH_PRODUCT_BY_CATEGORY,single,SEARCH_PRODUCT_BY_CATEGORY,1,merchant_search
Find household supplies.,PRODUCT,SEARCH,SEARCH_BY_CATEGORY,merchant_search,hybrid,,,,Household Supplies,,,,,false,false,false,SEARCH_PRODUCT_BY_CATEGORY,single,SEARCH_PRODUCT_BY_CATEGORY,1,merchant_search
Where can I get Kartoffel Püree for the cheapest?,PRODUCT,COMPARE,COMPARE_PRODUCTS,merchant_search,hybrid,Kartoffel Püree,,,,,,,,false,false,true,COMPARE_PRODUCTS,single,COMPARE_PRODUCTS,1,merchant_search
Which place has the lowest price for whole milk?,PRODUCT,COMPARE,COMPARE_PRODUCTS,merchant_search,hybrid,Whole Milk,,,,,,,,false,false,true,COMPARE_PRODUCTS,single,COMPARE_PRODUCTS,1,merchant_search
Find the cheapest frozen pizza.,PRODUCT,COMPARE,COMPARE_PRODUCTS,merchant_search,hybrid,Frozen Pizza,,,,,,,,false,false,true,COMPARE_PRODUCTS,single,COMPARE_PRODUCTS,1,merchant_search
Compare prices for olive oil.,PRODUCT,COMPARE,COMPARE_PRODUCTS,merchant_search,hybrid,Olive Oil,,,,,,,,false,false,true,COMPARE_PRODUCTS,single,COMPARE_PRODUCTS,1,merchant_search
Where is basmati rice cheapest?,PRODUCT,COMPARE,COMPARE_PRODUCTS,merchant_search,hybrid,Basmati Rice,,,,,,,,false,false,true,COMPARE_PRODUCTS,single,COMPARE_PRODUCTS,1,merchant_search
Show me the best price for eggs.,PRODUCT,COMPARE,COMPARE_PRODUCTS,merchant_search,hybrid,Eggs,,,,,,,,false,false,true,COMPARE_PRODUCTS,single,COMPARE_PRODUCTS,1,merchant_search
Find a cheaper alternative to Nutella.,PRODUCT,COMPARE,COMPARE_PRODUCTS,merchant_search,hybrid,Nutella,,,,,,,,false,false,true,COMPARE_PRODUCTS,single,COMPARE_PRODUCTS,1,merchant_search
What is the cheapest alternative to Coca-Cola?,PRODUCT,COMPARE,COMPARE_PRODUCTS,merchant_search,hybrid,Coca-Cola,,,,,,,,false,false,true,COMPARE_PRODUCTS,single,COMPARE_PRODUCTS,1,merchant_search
Compare prices for oat milk.,PRODUCT,COMPARE,COMPARE_PRODUCTS,merchant_search,hybrid,Oat Milk,,,,,,,,false,false,true,COMPARE_PRODUCTS,single,COMPARE_PRODUCTS,1,merchant_search
Where can I buy ground coffee at the lowest price?,PRODUCT,COMPARE,COMPARE_PRODUCTS,merchant_search,hybrid,Ground Coffee,,,,,,,,false,false,true,COMPARE_PRODUCTS,single,COMPARE_PRODUCTS,1,merchant_search
Find the best deal on butter.,PRODUCT,COMPARE,COMPARE_PRODUCTS,merchant_search,hybrid,Butter,,,,,,,,false,false,true,COMPARE_PRODUCTS,single,COMPARE_PRODUCTS,1,merchant_search
Show me cheaper alternatives to Greek yogurt.,PRODUCT,COMPARE,COMPARE_PRODUCTS,merchant_search,hybrid,Greek Yogurt,,,,,,,,false,false,true,COMPARE_PRODUCTS,single,COMPARE_PRODUCTS,1,merchant_search
Which option is cheapest for mineral water?,PRODUCT,COMPARE,COMPARE_PRODUCTS,merchant_search,hybrid,Mineral Water,,,,,,,,false,false,true,COMPARE_PRODUCTS,single,COMPARE_PRODUCTS,1,merchant_search
Find a lower-priced alternative to cheddar cheese.,PRODUCT,COMPARE,COMPARE_PRODUCTS,merchant_search,hybrid,Cheddar Cheese,,,,,,,,false,false,true,COMPARE_PRODUCTS,single,COMPARE_PRODUCTS,1,merchant_search
Compare prices for spaghetti.,PRODUCT,COMPARE,COMPARE_PRODUCTS,merchant_search,hybrid,Spaghetti,,,,,,,,false,false,true,COMPARE_PRODUCTS,single,COMPARE_PRODUCTS,1,merchant_search
Where can I get bananas for the lowest price?,PRODUCT,COMPARE,COMPARE_PRODUCTS,merchant_search,hybrid,Bananas,,,,,,,,false,false,true,COMPARE_PRODUCTS,single,COMPARE_PRODUCTS,1,merchant_search
Show me the cheapest tomato sauce.,PRODUCT,COMPARE,COMPARE_PRODUCTS,merchant_search,hybrid,Tomato Sauce,,,,,,,,false,false,true,COMPARE_PRODUCTS,single,COMPARE_PRODUCTS,1,merchant_search
Find a budget alternative to Heinz ketchup.,PRODUCT,COMPARE,COMPARE_PRODUCTS,merchant_search,hybrid,Heinz Ketchup,,,,,,,,false,false,true,COMPARE_PRODUCTS,single,COMPARE_PRODUCTS,1,merchant_search
What is the lowest price for chicken breast?,PRODUCT,COMPARE,COMPARE_PRODUCTS,merchant_search,hybrid,Chicken Breast,,,,,,,,false,false,true,COMPARE_PRODUCTS,single,COMPARE_PRODUCTS,1,merchant_search
Compare prices and find the cheapest ice cream.,PRODUCT,COMPARE,COMPARE_PRODUCTS,merchant_search,hybrid,Ice Cream,,,,,,,,false,false,true,COMPARE_PRODUCTS,single,COMPARE_PRODUCTS,1,merchant_search
Is oat milk available?,PRODUCT,CHECK,CHECK_AVAILABILITY,merchant_search,hybrid,Oat Milk,,,,,,,,false,false,false,CHECK_PRODUCT_AVAILABILITY,single,CHECK_PRODUCT_AVAILABILITY,1,merchant_search
Check whether bananas are in stock.,PRODUCT,CHECK,CHECK_AVAILABILITY,merchant_search,hybrid,Bananas,,,,,,,,false,false,false,CHECK_PRODUCT_AVAILABILITY,single,CHECK_PRODUCT_AVAILABILITY,1,merchant_search
Do you have frozen pizza available?,PRODUCT,CHECK,CHECK_AVAILABILITY,merchant_search,hybrid,Frozen Pizza,,,,,,,,false,false,false,CHECK_PRODUCT_AVAILABILITY,single,CHECK_PRODUCT_AVAILABILITY,1,merchant_search
Is whole milk currently available?,PRODUCT,CHECK,CHECK_AVAILABILITY,merchant_search,hybrid,Whole Milk,,,,,,,,false,false,false,CHECK_PRODUCT_AVAILABILITY,single,CHECK_PRODUCT_AVAILABILITY,1,merchant_search
Check if eggs are in stock.,PRODUCT,CHECK,CHECK_AVAILABILITY,merchant_search,hybrid,Eggs,,,,,,,,false,false,false,CHECK_PRODUCT_AVAILABILITY,single,CHECK_PRODUCT_AVAILABILITY,1,merchant_search
Can I get basmati rice right now?,PRODUCT,CHECK,CHECK_AVAILABILITY,merchant_search,hybrid,Basmati Rice,,,,,,,,false,false,false,CHECK_PRODUCT_AVAILABILITY,single,CHECK_PRODUCT_AVAILABILITY,1,merchant_search
Is olive oil available?,PRODUCT,CHECK,CHECK_AVAILABILITY,merchant_search,hybrid,Olive Oil,,,,,,,,false,false,false,CHECK_PRODUCT_AVAILABILITY,single,CHECK_PRODUCT_AVAILABILITY,1,merchant_search
Check whether Greek yogurt is in stock.,PRODUCT,CHECK,CHECK_AVAILABILITY,merchant_search,hybrid,Greek Yogurt,,,,,,,,false,false,false,CHECK_PRODUCT_AVAILABILITY,single,CHECK_PRODUCT_AVAILABILITY,1,merchant_search
Do you have cheddar cheese?,PRODUCT,CHECK,CHECK_AVAILABILITY,merchant_search,hybrid,Cheddar Cheese,,,,,,,,false,false,false,CHECK_PRODUCT_AVAILABILITY,single,CHECK_PRODUCT_AVAILABILITY,1,merchant_search
Is orange juice available today?,PRODUCT,CHECK,CHECK_AVAILABILITY,merchant_search,hybrid,Orange Juice,,,,,,,,false,false,false,CHECK_PRODUCT_AVAILABILITY,single,CHECK_PRODUCT_AVAILABILITY,1,merchant_search
Check if chicken breast is in stock.,PRODUCT,CHECK,CHECK_AVAILABILITY,merchant_search,hybrid,Chicken Breast,,,,,,,,false,false,false,CHECK_PRODUCT_AVAILABILITY,single,CHECK_PRODUCT_AVAILABILITY,1,merchant_search
Can I buy mineral water right now?,PRODUCT,CHECK,CHECK_AVAILABILITY,merchant_search,hybrid,Mineral Water,,,,,,,,false,false,false,CHECK_PRODUCT_AVAILABILITY,single,CHECK_PRODUCT_AVAILABILITY,1,merchant_search
Is ground coffee available?,PRODUCT,CHECK,CHECK_AVAILABILITY,merchant_search,hybrid,Ground Coffee,,,,,,,,false,false,false,CHECK_PRODUCT_AVAILABILITY,single,CHECK_PRODUCT_AVAILABILITY,1,merchant_search
Check whether frozen peas are in stock.,PRODUCT,CHECK,CHECK_AVAILABILITY,merchant_search,hybrid,Frozen Peas,,,,,,,,false,false,false,CHECK_PRODUCT_AVAILABILITY,single,CHECK_PRODUCT_AVAILABILITY,1,merchant_search
Do you have tomato sauce available?,PRODUCT,CHECK,CHECK_AVAILABILITY,merchant_search,hybrid,Tomato Sauce,,,,,,,,false,false,false,CHECK_PRODUCT_AVAILABILITY,single,CHECK_PRODUCT_AVAILABILITY,1,merchant_search
Is butter currently in stock?,PRODUCT,CHECK,CHECK_AVAILABILITY,merchant_search,hybrid,Butter,,,,,,,,false,false,false,CHECK_PRODUCT_AVAILABILITY,single,CHECK_PRODUCT_AVAILABILITY,1,merchant_search
Check if spaghetti is available.,PRODUCT,CHECK,CHECK_AVAILABILITY,merchant_search,hybrid,Spaghetti,,,,,,,,false,false,false,CHECK_PRODUCT_AVAILABILITY,single,CHECK_PRODUCT_AVAILABILITY,1,merchant_search
Can I get black tea?,PRODUCT,CHECK,CHECK_AVAILABILITY,merchant_search,hybrid,Black Tea,,,,,,,,false,false,false,CHECK_PRODUCT_AVAILABILITY,single,CHECK_PRODUCT_AVAILABILITY,1,merchant_search
Is ice cream in stock?,PRODUCT,CHECK,CHECK_AVAILABILITY,merchant_search,hybrid,Ice Cream,,,,,,,,false,false,false,CHECK_PRODUCT_AVAILABILITY,single,CHECK_PRODUCT_AVAILABILITY,1,merchant_search
Check whether apples are available.,PRODUCT,CHECK,CHECK_AVAILABILITY,merchant_search,hybrid,Apples,,,,,,,,false,false,false,CHECK_PRODUCT_AVAILABILITY,single,CHECK_PRODUCT_AVAILABILITY,1,merchant_search
Find REWE.,MERCHANT,SEARCH,SEARCH,merchant_api,hybrid,,REWE,,,,,,,false,false,false,SEARCH_MERCHANT,single,SEARCH_MERCHANT,1,merchant_api
Search for Lidl.,MERCHANT,SEARCH,SEARCH,merchant_api,hybrid,,Lidl,,,,,,,false,false,false,SEARCH_MERCHANT,single,SEARCH_MERCHANT,1,merchant_api
Show me Aldi stores.,MERCHANT,SEARCH,SEARCH,merchant_api,hybrid,,Aldi,,,,,,,false,false,false,SEARCH_MERCHANT,single,SEARCH_MERCHANT,1,merchant_api
Look for EDEKA.,MERCHANT,SEARCH,SEARCH,merchant_api,hybrid,,EDEKA,,,,,,,false,false,false,SEARCH_MERCHANT,single,SEARCH_MERCHANT,1,merchant_api
Find a Kaufland store.,MERCHANT,SEARCH,SEARCH,merchant_api,hybrid,,Kaufland,,,,,,,false,false,false,SEARCH_MERCHANT,single,SEARCH_MERCHANT,1,merchant_api
Search for Penny.,MERCHANT,SEARCH,SEARCH,merchant_api,hybrid,,Penny,,,,,,,false,false,false,SEARCH_MERCHANT,single,SEARCH_MERCHANT,1,merchant_api
Show me Netto stores.,MERCHANT,SEARCH,SEARCH,merchant_api,hybrid,,Netto,,,,,,,false,false,false,SEARCH_MERCHANT,single,SEARCH_MERCHANT,1,merchant_api
Find a dm store.,MERCHANT,SEARCH,SEARCH,merchant_api,hybrid,,dm,,,,,,,false,false,false,SEARCH_MERCHANT,single,SEARCH_MERCHANT,1,merchant_api
Search for Rossmann.,MERCHANT,SEARCH,SEARCH,merchant_api,hybrid,,Rossmann,,,,,,,false,false,false,SEARCH_MERCHANT,single,SEARCH_MERCHANT,1,merchant_api
Show me a supermarket.,MERCHANT,SEARCH,SEARCH,merchant_api,hybrid,,Supermarket,,,,,,,false,false,false,SEARCH_MERCHANT,single,SEARCH_MERCHANT,1,merchant_api
Find a grocery store.,MERCHANT,SEARCH,SEARCH,merchant_api,hybrid,,Grocery Store,,,,,,,false,false,false,SEARCH_MERCHANT,single,SEARCH_MERCHANT,1,merchant_api
Search for a discount supermarket.,MERCHANT,SEARCH,SEARCH,merchant_api,hybrid,,Discount Supermarket,,,,,,,false,false,false,SEARCH_MERCHANT,single,SEARCH_MERCHANT,1,merchant_api
Show me an organic grocery store.,MERCHANT,SEARCH,SEARCH,merchant_api,hybrid,,Organic Grocery Store,,,,,,,false,false,false,SEARCH_MERCHANT,single,SEARCH_MERCHANT,1,merchant_api
Find an Asian grocery store.,MERCHANT,SEARCH,SEARCH,merchant_api,hybrid,,Asian Grocery Store,,,,,,,false,false,false,SEARCH_MERCHANT,single,SEARCH_MERCHANT,1,merchant_api
Search for a Turkish supermarket.,MERCHANT,SEARCH,SEARCH,merchant_api,hybrid,,Turkish Supermarket,,,,,,,false,false,false,SEARCH_MERCHANT,single,SEARCH_MERCHANT,1,merchant_api
Show me a convenience store.,MERCHANT,SEARCH,SEARCH,merchant_api,hybrid,,Convenience Store,,,,,,,false,false,false,SEARCH_MERCHANT,single,SEARCH_MERCHANT,1,merchant_api
Find a farmers' market.,MERCHANT,SEARCH,SEARCH,merchant_api,hybrid,,Farmers' Market,,,,,,,false,false,false,SEARCH_MERCHANT,single,SEARCH_MERCHANT,1,merchant_api
Search for a wholesale grocery store.,MERCHANT,SEARCH,SEARCH,merchant_api,hybrid,,Wholesale Grocery Store,,,,,,,false,false,false,SEARCH_MERCHANT,single,SEARCH_MERCHANT,1,merchant_api
Show me a beverage store.,MERCHANT,SEARCH,SEARCH,merchant_api,hybrid,,Beverage Store,,,,,,,false,false,false,SEARCH_MERCHANT,single,SEARCH_MERCHANT,1,merchant_api
Find a bakery shop.,MERCHANT,SEARCH,SEARCH,merchant_api,hybrid,,Bakery,,,,,,,false,false,false,SEARCH_MERCHANT,single,SEARCH_MERCHANT,1,merchant_api
Show me supermarkets near me.,MERCHANT,SEARCH,NEARBY,merchant_api,hybrid,,Supermarket,,,,,CURRENT_LOCATION,1500,false,false,false,SEARCH_NEARBY_MERCHANTS,single,SEARCH_NEARBY_MERCHANTS,1,merchant_api
Find the nearest grocery store.,MERCHANT,SEARCH,NEARBY,merchant_api,hybrid,,Grocery Store,,,,,CURRENT_LOCATION,1500,false,false,false,SEARCH_NEARBY_MERCHANTS,single,SEARCH_NEARBY_MERCHANTS,1,merchant_api
Which Lidl is close to me?,MERCHANT,SEARCH,NEARBY,merchant_api,hybrid,,Lidl,,,,,CURRENT_LOCATION,1500,false,false,false,SEARCH_NEARBY_MERCHANTS,single,SEARCH_NEARBY_MERCHANTS,1,merchant_api
Show REWE stores nearby.,MERCHANT,SEARCH,NEARBY,merchant_api,hybrid,,REWE,,,,,CURRENT_LOCATION,1500,false,false,false,SEARCH_NEARBY_MERCHANTS,single,SEARCH_NEARBY_MERCHANTS,1,merchant_api
Find an Aldi around here.,MERCHANT,SEARCH,NEARBY,merchant_api,hybrid,,Aldi,,,,,CURRENT_LOCATION,1500,false,false,false,SEARCH_NEARBY_MERCHANTS,single,SEARCH_NEARBY_MERCHANTS,1,merchant_api
Which EDEKA is nearest?,MERCHANT,SEARCH,NEARBY,merchant_api,hybrid,,EDEKA,,,,,CURRENT_LOCATION,1500,false,false,false,SEARCH_NEARBY_MERCHANTS,single,SEARCH_NEARBY_MERCHANTS,1,merchant_api
Show me nearby discount supermarkets.,MERCHANT,SEARCH,NEARBY,merchant_api,hybrid,,Discount Supermarket,,,,,CURRENT_LOCATION,1500,false,false,false,SEARCH_NEARBY_MERCHANTS,single,SEARCH_NEARBY_MERCHANTS,1,merchant_api
Find grocery shops in my area.,MERCHANT,SEARCH,NEARBY,merchant_api,hybrid,,Grocery Store,,,,,CURRENT_LOCATION,1500,false,false,false,SEARCH_NEARBY_MERCHANTS,single,SEARCH_NEARBY_MERCHANTS,1,merchant_api
Show stores close to my current location.,MERCHANT,SEARCH,NEARBY,merchant_api,hybrid,,Grocery Store,,,,,CURRENT_LOCATION,1500,false,false,false,SEARCH_NEARBY_MERCHANTS,single,SEARCH_NEARBY_MERCHANTS,1,merchant_api
Find a nearby organic market.,MERCHANT,SEARCH,NEARBY,merchant_api,hybrid,,Organic Market,,,,,CURRENT_LOCATION,1500,false,false,false,SEARCH_NEARBY_MERCHANTS,single,SEARCH_NEARBY_MERCHANTS,1,merchant_api
Which supermarket is closest?,MERCHANT,SEARCH,NEARBY,merchant_api,hybrid,,Supermarket,,,,,CURRENT_LOCATION,1500,false,false,false,SEARCH_NEARBY_MERCHANTS,single,SEARCH_NEARBY_MERCHANTS,1,merchant_api
Show me convenience stores around me.,MERCHANT,SEARCH,NEARBY,merchant_api,hybrid,,Convenience Store,,,,,CURRENT_LOCATION,1500,false,false,false,SEARCH_NEARBY_MERCHANTS,single,SEARCH_NEARBY_MERCHANTS,1,merchant_api
Find a bakery near me.,MERCHANT,SEARCH,NEARBY,merchant_api,hybrid,,Bakery,,,,,CURRENT_LOCATION,1500,false,false,false,SEARCH_NEARBY_MERCHANTS,single,SEARCH_NEARBY_MERCHANTS,1,merchant_api
Show nearby beverage stores.,MERCHANT,SEARCH,NEARBY,merchant_api,hybrid,,Beverage Store,,,,,CURRENT_LOCATION,1500,false,false,false,SEARCH_NEARBY_MERCHANTS,single,SEARCH_NEARBY_MERCHANTS,1,merchant_api
Find the closest Kaufland.,MERCHANT,SEARCH,NEARBY,merchant_api,hybrid,,Kaufland,,,,,CURRENT_LOCATION,1500,false,false,false,SEARCH_NEARBY_MERCHANTS,single,SEARCH_NEARBY_MERCHANTS,1,merchant_api
Which Penny stores are around here?,MERCHANT,SEARCH,NEARBY,merchant_api,hybrid,,Penny,,,,,CURRENT_LOCATION,1500,false,false,false,SEARCH_NEARBY_MERCHANTS,single,SEARCH_NEARBY_MERCHANTS,1,merchant_api
Show me nearby farmers' markets.,MERCHANT,SEARCH,NEARBY,merchant_api,hybrid,,Farmers' Market,,,,,CURRENT_LOCATION,1500,false,false,false,SEARCH_NEARBY_MERCHANTS,single,SEARCH_NEARBY_MERCHANTS,1,merchant_api
Find a dm close to me.,MERCHANT,SEARCH,NEARBY,merchant_api,hybrid,,dm,,,,,CURRENT_LOCATION,1500,false,false,false,SEARCH_NEARBY_MERCHANTS,single,SEARCH_NEARBY_MERCHANTS,1,merchant_api
Show Rossmann stores in the area.,MERCHANT,SEARCH,NEARBY,merchant_api,hybrid,,Rossmann,,,,,CURRENT_LOCATION,1500,false,false,false,SEARCH_NEARBY_MERCHANTS,single,SEARCH_NEARBY_MERCHANTS,1,merchant_api
Find the nearest Asian grocery store.,MERCHANT,SEARCH,NEARBY,merchant_api,hybrid,,Asian Grocery Store,,,,,CURRENT_LOCATION,1500,false,false,false,SEARCH_NEARBY_MERCHANTS,single,SEARCH_NEARBY_MERCHANTS,1,merchant_api
Show me details for REWE.,MERCHANT,SHOW,DETAILS,merchant_api,hybrid,,REWE,,,,,,,false,false,false,SHOW_MERCHANT_DETAILS,single,SHOW_MERCHANT_DETAILS,1,merchant_api
Tell me about this Lidl store.,MERCHANT,SHOW,DETAILS,merchant_api,hybrid,,Lidl,,,,,,,false,false,false,SHOW_MERCHANT_DETAILS,single,SHOW_MERCHANT_DETAILS,1,merchant_api
Give me information about Aldi.,MERCHANT,SHOW,DETAILS,merchant_api,hybrid,,Aldi,,,,,,,false,false,false,SHOW_MERCHANT_DETAILS,single,SHOW_MERCHANT_DETAILS,1,merchant_api
Show the store profile for EDEKA.,MERCHANT,SHOW,DETAILS,merchant_api,hybrid,,EDEKA,,,,,,,false,false,false,SHOW_MERCHANT_DETAILS,single,SHOW_MERCHANT_DETAILS,1,merchant_api
Tell me more about Kaufland.,MERCHANT,SHOW,DETAILS,merchant_api,hybrid,,Kaufland,,,,,,,false,false,false,SHOW_MERCHANT_DETAILS,single,SHOW_MERCHANT_DETAILS,1,merchant_api
Display details for Penny.,MERCHANT,SHOW,DETAILS,merchant_api,hybrid,,Penny,,,,,,,false,false,false,SHOW_MERCHANT_DETAILS,single,SHOW_MERCHANT_DETAILS,1,merchant_api
Show information about Netto.,MERCHANT,SHOW,DETAILS,merchant_api,hybrid,,Netto,,,,,,,false,false,false,SHOW_MERCHANT_DETAILS,single,SHOW_MERCHANT_DETAILS,1,merchant_api
Give me the details for dm.,MERCHANT,SHOW,DETAILS,merchant_api,hybrid,,dm,,,,,,,false,false,false,SHOW_MERCHANT_DETAILS,single,SHOW_MERCHANT_DETAILS,1,merchant_api
Tell me about Rossmann.,MERCHANT,SHOW,DETAILS,merchant_api,hybrid,,Rossmann,,,,,,,false,false,false,SHOW_MERCHANT_DETAILS,single,SHOW_MERCHANT_DETAILS,1,merchant_api
Show the profile of this supermarket.,MERCHANT,SHOW,DETAILS,merchant_api,hybrid,,Supermarket,,,,,,,false,false,false,SHOW_MERCHANT_DETAILS,single,SHOW_MERCHANT_DETAILS,1,merchant_api
Give me general information about the store.,MERCHANT,SHOW,DETAILS,merchant_api,hybrid,,Selected Store,,,,,,,false,false,false,SHOW_MERCHANT_DETAILS,single,SHOW_MERCHANT_DETAILS,1,merchant_api
Show the store description.,MERCHANT,SHOW,DETAILS,merchant_api,hybrid,,Selected Store,,,,,,,false,false,false,SHOW_MERCHANT_DETAILS,single,SHOW_MERCHANT_DETAILS,1,merchant_api
Show me the facilities at this store.,MERCHANT,SHOW,DETAILS,merchant_api,hybrid,,Selected Store,,,,,,,false,false,false,SHOW_MERCHANT_DETAILS,single,SHOW_MERCHANT_DETAILS,1,merchant_api
Tell me which services this supermarket has.,MERCHANT,SHOW,DETAILS,merchant_api,hybrid,,Supermarket,,,,,,,false,false,false,SHOW_MERCHANT_DETAILS,single,SHOW_MERCHANT_DETAILS,1,merchant_api
Show me the store's basic information.,MERCHANT,SHOW,DETAILS,merchant_api,hybrid,,Selected Store,,,,,,,false,false,false,SHOW_MERCHANT_DETAILS,single,SHOW_MERCHANT_DETAILS,1,merchant_api
Give me an overview of this merchant.,MERCHANT,SHOW,DETAILS,merchant_api,hybrid,,Selected Merchant,,,,,,,false,false,false,SHOW_MERCHANT_DETAILS,single,SHOW_MERCHANT_DETAILS,1,merchant_api
Tell me more about this grocery shop.,MERCHANT,SHOW,DETAILS,merchant_api,hybrid,,Grocery Store,,,,,,,false,false,false,SHOW_MERCHANT_DETAILS,single,SHOW_MERCHANT_DETAILS,1,merchant_api
Show the merchant profile.,MERCHANT,SHOW,DETAILS,merchant_api,hybrid,,Selected Merchant,,,,,,,false,false,false,SHOW_MERCHANT_DETAILS,single,SHOW_MERCHANT_DETAILS,1,merchant_api
Display the store details.,MERCHANT,SHOW,DETAILS,merchant_api,hybrid,,Selected Store,,,,,,,false,false,false,SHOW_MERCHANT_DETAILS,single,SHOW_MERCHANT_DETAILS,1,merchant_api
Give me information about this market.,MERCHANT,SHOW,DETAILS,merchant_api,hybrid,,Selected Market,,,,,,,false,false,false,SHOW_MERCHANT_DETAILS,single,SHOW_MERCHANT_DETAILS,1,merchant_api
When does REWE open?,MERCHANT,SHOW,OPENING_HOURS,merchant_api,hybrid,,REWE,,,,,,,false,false,false,SHOW_MERCHANT_OPENING_HOURS,single,SHOW_MERCHANT_OPENING_HOURS,1,merchant_api
What time does Lidl close?,MERCHANT,SHOW,OPENING_HOURS,merchant_api,hybrid,,Lidl,,,,,,,false,false,false,SHOW_MERCHANT_OPENING_HOURS,single,SHOW_MERCHANT_OPENING_HOURS,1,merchant_api
Show me Aldi's opening hours.,MERCHANT,SHOW,OPENING_HOURS,merchant_api,hybrid,,Aldi,,,,,,,false,false,false,SHOW_MERCHANT_OPENING_HOURS,single,SHOW_MERCHANT_OPENING_HOURS,1,merchant_api
Is EDEKA open now?,MERCHANT,SHOW,OPENING_HOURS,merchant_api,hybrid,,EDEKA,,,,,,,false,false,false,SHOW_MERCHANT_OPENING_HOURS,single,SHOW_MERCHANT_OPENING_HOURS,1,merchant_api
When is Kaufland open?,MERCHANT,SHOW,OPENING_HOURS,merchant_api,hybrid,,Kaufland,,,,,,,false,false,false,SHOW_MERCHANT_OPENING_HOURS,single,SHOW_MERCHANT_OPENING_HOURS,1,merchant_api
What are Penny's hours today?,MERCHANT,SHOW,OPENING_HOURS,merchant_api,hybrid,,Penny,,,,,,,false,false,false,SHOW_MERCHANT_OPENING_HOURS,single,SHOW_MERCHANT_OPENING_HOURS,1,merchant_api
Show me Netto's business hours.,MERCHANT,SHOW,OPENING_HOURS,merchant_api,hybrid,,Netto,,,,,,,false,false,false,SHOW_MERCHANT_OPENING_HOURS,single,SHOW_MERCHANT_OPENING_HOURS,1,merchant_api
Is dm open on Sunday?,MERCHANT,SHOW,OPENING_HOURS,merchant_api,hybrid,,dm,,,,,,,false,false,false,SHOW_MERCHANT_OPENING_HOURS,single,SHOW_MERCHANT_OPENING_HOURS,1,merchant_api
When does Rossmann close today?,MERCHANT,SHOW,OPENING_HOURS,merchant_api,hybrid,,Rossmann,,,,,,,false,false,false,SHOW_MERCHANT_OPENING_HOURS,single,SHOW_MERCHANT_OPENING_HOURS,1,merchant_api
What time does this supermarket open?,MERCHANT,SHOW,OPENING_HOURS,merchant_api,hybrid,,Selected Supermarket,,,,,,,false,false,false,SHOW_MERCHANT_OPENING_HOURS,single,SHOW_MERCHANT_OPENING_HOURS,1,merchant_api
Is the grocery store open right now?,MERCHANT,SHOW,OPENING_HOURS,merchant_api,hybrid,,Selected Grocery Store,,,,,,,false,false,false,SHOW_MERCHANT_OPENING_HOURS,single,SHOW_MERCHANT_OPENING_HOURS,1,merchant_api
Show me the store hours for tomorrow.,MERCHANT,SHOW,OPENING_HOURS,merchant_api,hybrid,,Selected Store,,,,,,,false,false,false,SHOW_MERCHANT_OPENING_HOURS,single,SHOW_MERCHANT_OPENING_HOURS,1,merchant_api
When does this market close?,MERCHANT,SHOW,OPENING_HOURS,merchant_api,hybrid,,Selected Market,,,,,,,false,false,false,SHOW_MERCHANT_OPENING_HOURS,single,SHOW_MERCHANT_OPENING_HOURS,1,merchant_api
What are the weekend opening hours?,MERCHANT,SHOW,OPENING_HOURS,merchant_api,hybrid,,Selected Store,,,,,,,false,false,false,SHOW_MERCHANT_OPENING_HOURS,single,SHOW_MERCHANT_OPENING_HOURS,1,merchant_api
Is this shop open on Saturday?,MERCHANT,SHOW,OPENING_HOURS,merchant_api,hybrid,,Selected Shop,,,,,,,false,false,false,SHOW_MERCHANT_OPENING_HOURS,single,SHOW_MERCHANT_OPENING_HOURS,1,merchant_api
Show me today's opening times.,MERCHANT,SHOW,OPENING_HOURS,merchant_api,hybrid,,Selected Store,,,,,,,false,false,false,SHOW_MERCHANT_OPENING_HOURS,single,SHOW_MERCHANT_OPENING_HOURS,1,merchant_api
When can I visit this store?,MERCHANT,SHOW,OPENING_HOURS,merchant_api,hybrid,,Selected Store,,,,,,,false,false,false,SHOW_MERCHANT_OPENING_HOURS,single,SHOW_MERCHANT_OPENING_HOURS,1,merchant_api
What time is the supermarket open until?,MERCHANT,SHOW,OPENING_HOURS,merchant_api,hybrid,,Selected Supermarket,,,,,,,false,false,false,SHOW_MERCHANT_OPENING_HOURS,single,SHOW_MERCHANT_OPENING_HOURS,1,merchant_api
Is the store open this evening?,MERCHANT,SHOW,OPENING_HOURS,merchant_api,hybrid,,Selected Store,,,,,,,false,false,false,SHOW_MERCHANT_OPENING_HOURS,single,SHOW_MERCHANT_OPENING_HOURS,1,merchant_api
Show me the holiday opening hours.,MERCHANT,SHOW,OPENING_HOURS,merchant_api,hybrid,,Selected Store,,,,,,,false,false,false,SHOW_MERCHANT_OPENING_HOURS,single,SHOW_MERCHANT_OPENING_HOURS,1,merchant_api
Give me REWE's phone number.,MERCHANT,SHOW,CONTACT,merchant_api,hybrid,,REWE,,,,,,,false,false,false,SHOW_MERCHANT_CONTACT,single,SHOW_MERCHANT_CONTACT,1,merchant_api
How can I contact Lidl?,MERCHANT,SHOW,CONTACT,merchant_api,hybrid,,Lidl,,,,,,,false,false,false,SHOW_MERCHANT_CONTACT,single,SHOW_MERCHANT_CONTACT,1,merchant_api
Show me Aldi's contact details.,MERCHANT,SHOW,CONTACT,merchant_api,hybrid,,Aldi,,,,,,,false,false,false,SHOW_MERCHANT_CONTACT,single,SHOW_MERCHANT_CONTACT,1,merchant_api
What is EDEKA's phone number?,MERCHANT,SHOW,CONTACT,merchant_api,hybrid,,EDEKA,,,,,,,false,false,false,SHOW_MERCHANT_CONTACT,single,SHOW_MERCHANT_CONTACT,1,merchant_api
Give me Kaufland's email address.,MERCHANT,SHOW,CONTACT,merchant_api,hybrid,,Kaufland,,,,,,,false,false,false,SHOW_MERCHANT_CONTACT,single,SHOW_MERCHANT_CONTACT,1,merchant_api
Show me Penny's contact information.,MERCHANT,SHOW,CONTACT,merchant_api,hybrid,,Penny,,,,,,,false,false,false,SHOW_MERCHANT_CONTACT,single,SHOW_MERCHANT_CONTACT,1,merchant_api
How do I reach Netto?,MERCHANT,SHOW,CONTACT,merchant_api,hybrid,,Netto,,,,,,,false,false,false,SHOW_MERCHANT_CONTACT,single,SHOW_MERCHANT_CONTACT,1,merchant_api
Give me the phone number for dm.,MERCHANT,SHOW,CONTACT,merchant_api,hybrid,,dm,,,,,,,false,false,false,SHOW_MERCHANT_CONTACT,single,SHOW_MERCHANT_CONTACT,1,merchant_api
Show me Rossmann's email address.,MERCHANT,SHOW,CONTACT,merchant_api,hybrid,,Rossmann,,,,,,,false,false,false,SHOW_MERCHANT_CONTACT,single,SHOW_MERCHANT_CONTACT,1,merchant_api
What is this supermarket's contact number?,MERCHANT,SHOW,CONTACT,merchant_api,hybrid,,Selected Supermarket,,,,,,,false,false,false,SHOW_MERCHANT_CONTACT,single,SHOW_MERCHANT_CONTACT,1,merchant_api
Give me the store's email.,MERCHANT,SHOW,CONTACT,merchant_api,hybrid,,Selected Store,,,,,,,false,false,false,SHOW_MERCHANT_CONTACT,single,SHOW_MERCHANT_CONTACT,1,merchant_api
Show me the customer service number.,MERCHANT,SHOW,CONTACT,merchant_api,hybrid,,Selected Store,,,,,,,false,false,false,SHOW_MERCHANT_CONTACT,single,SHOW_MERCHANT_CONTACT,1,merchant_api
How can I get in touch with this store?,MERCHANT,SHOW,CONTACT,merchant_api,hybrid,,Selected Store,,,,,,,false,false,false,SHOW_MERCHANT_CONTACT,single,SHOW_MERCHANT_CONTACT,1,merchant_api
Display the merchant's contact details.,MERCHANT,SHOW,CONTACT,merchant_api,hybrid,,Selected Merchant,,,,,,,false,false,false,SHOW_MERCHANT_CONTACT,single,SHOW_MERCHANT_CONTACT,1,merchant_api
What phone number does this shop use?,MERCHANT,SHOW,CONTACT,merchant_api,hybrid,,Selected Shop,,,,,,,false,false,false,SHOW_MERCHANT_CONTACT,single,SHOW_MERCHANT_CONTACT,1,merchant_api
Give me the contact information for this market.,MERCHANT,SHOW,CONTACT,merchant_api,hybrid,,Selected Market,,,,,,,false,false,false,SHOW_MERCHANT_CONTACT,single,SHOW_MERCHANT_CONTACT,1,merchant_api
Show me the store's telephone number.,MERCHANT,SHOW,CONTACT,merchant_api,hybrid,,Selected Store,,,,,,,false,false,false,SHOW_MERCHANT_CONTACT,single,SHOW_MERCHANT_CONTACT,1,merchant_api
How do I contact the grocery store?,MERCHANT,SHOW,CONTACT,merchant_api,hybrid,,Selected Grocery Store,,,,,,,false,false,false,SHOW_MERCHANT_CONTACT,single,SHOW_MERCHANT_CONTACT,1,merchant_api
Give me the merchant's email.,MERCHANT,SHOW,CONTACT,merchant_api,hybrid,,Selected Merchant,,,,,,,false,false,false,SHOW_MERCHANT_CONTACT,single,SHOW_MERCHANT_CONTACT,1,merchant_api
Show me a way to contact this supermarket.,MERCHANT,SHOW,CONTACT,merchant_api,hybrid,,Selected Supermarket,,,,,,,false,false,false,SHOW_MERCHANT_CONTACT,single,SHOW_MERCHANT_CONTACT,1,merchant_api
Plan a route to REWE.,NAVIGATION,ROUTE,ROUTE,maps_tool,navigation,,REWE,,,,,CURRENT_LOCATION,,false,false,false,ROUTE_TO_MERCHANT,single,ROUTE_TO_MERCHANT,1,maps_tool
Start a route to Lidl.,NAVIGATION,ROUTE,ROUTE,maps_tool,navigation,,Lidl,,,,,CURRENT_LOCATION,,false,false,false,ROUTE_TO_MERCHANT,single,ROUTE_TO_MERCHANT,1,maps_tool
Route me to Aldi.,NAVIGATION,ROUTE,ROUTE,maps_tool,navigation,,Aldi,,,,,CURRENT_LOCATION,,false,false,false,ROUTE_TO_MERCHANT,single,ROUTE_TO_MERCHANT,1,maps_tool
Plan the trip to EDEKA.,NAVIGATION,ROUTE,ROUTE,maps_tool,navigation,,EDEKA,,,,,CURRENT_LOCATION,,false,false,false,ROUTE_TO_MERCHANT,single,ROUTE_TO_MERCHANT,1,maps_tool
Start navigation to Kaufland.,NAVIGATION,ROUTE,ROUTE,maps_tool,navigation,,Kaufland,,,,,CURRENT_LOCATION,,false,false,false,ROUTE_TO_MERCHANT,single,ROUTE_TO_MERCHANT,1,maps_tool
Create a route to Penny.,NAVIGATION,ROUTE,ROUTE,maps_tool,navigation,,Penny,,,,,CURRENT_LOCATION,,false,false,false,ROUTE_TO_MERCHANT,single,ROUTE_TO_MERCHANT,1,maps_tool
Route me to Netto.,NAVIGATION,ROUTE,ROUTE,maps_tool,navigation,,Netto,,,,,CURRENT_LOCATION,,false,false,false,ROUTE_TO_MERCHANT,single,ROUTE_TO_MERCHANT,1,maps_tool
Plan a route to dm.,NAVIGATION,ROUTE,ROUTE,maps_tool,navigation,,dm,,,,,CURRENT_LOCATION,,false,false,false,ROUTE_TO_MERCHANT,single,ROUTE_TO_MERCHANT,1,maps_tool
Start the route to Rossmann.,NAVIGATION,ROUTE,ROUTE,maps_tool,navigation,,Rossmann,,,,,CURRENT_LOCATION,,false,false,false,ROUTE_TO_MERCHANT,single,ROUTE_TO_MERCHANT,1,maps_tool
Create a route to this supermarket.,NAVIGATION,ROUTE,ROUTE,maps_tool,navigation,,Selected Supermarket,,,,,CURRENT_LOCATION,,false,false,false,ROUTE_TO_MERCHANT,single,ROUTE_TO_MERCHANT,1,maps_tool
Plan my trip to the grocery store.,NAVIGATION,ROUTE,ROUTE,maps_tool,navigation,,Selected Grocery Store,,,,,CURRENT_LOCATION,,false,false,false,ROUTE_TO_MERCHANT,single,ROUTE_TO_MERCHANT,1,maps_tool
Start navigation to the selected store.,NAVIGATION,ROUTE,ROUTE,maps_tool,navigation,,Selected Store,,,,,CURRENT_LOCATION,,false,false,false,ROUTE_TO_MERCHANT,single,ROUTE_TO_MERCHANT,1,maps_tool
Route me from here to the market.,NAVIGATION,ROUTE,ROUTE,maps_tool,navigation,,Selected Market,,,,,CURRENT_LOCATION,,false,false,false,ROUTE_TO_MERCHANT,single,ROUTE_TO_MERCHANT,1,maps_tool
Create a route to the bakery.,NAVIGATION,ROUTE,ROUTE,maps_tool,navigation,,Selected Bakery,,,,,CURRENT_LOCATION,,false,false,false,ROUTE_TO_MERCHANT,single,ROUTE_TO_MERCHANT,1,maps_tool
Plan the drive to the supermarket.,NAVIGATION,ROUTE,ROUTE,maps_tool,navigation,,Selected Supermarket,,,,,CURRENT_LOCATION,,false,false,false,ROUTE_TO_MERCHANT,single,ROUTE_TO_MERCHANT,1,maps_tool
Start a walking route to Lidl.,NAVIGATION,ROUTE,ROUTE,maps_tool,navigation,,Lidl,,,,,CURRENT_LOCATION,,false,false,false,ROUTE_TO_MERCHANT,single,ROUTE_TO_MERCHANT,1,maps_tool
Plan a cycling route to REWE.,NAVIGATION,ROUTE,ROUTE,maps_tool,navigation,,REWE,,,,,CURRENT_LOCATION,,false,false,false,ROUTE_TO_MERCHANT,single,ROUTE_TO_MERCHANT,1,maps_tool
Route me to the store entrance.,NAVIGATION,ROUTE,ROUTE,maps_tool,navigation,,Selected Store,,,,,CURRENT_LOCATION,,false,false,false,ROUTE_TO_MERCHANT,single,ROUTE_TO_MERCHANT,1,maps_tool
Create a direct route to Aldi.,NAVIGATION,ROUTE,ROUTE,maps_tool,navigation,,Aldi,,,,,CURRENT_LOCATION,,false,false,false,ROUTE_TO_MERCHANT,single,ROUTE_TO_MERCHANT,1,maps_tool
Start navigation to the grocery shop.,NAVIGATION,ROUTE,ROUTE,maps_tool,navigation,,Selected Grocery Store,,,,,CURRENT_LOCATION,,false,false,false,ROUTE_TO_MERCHANT,single,ROUTE_TO_MERCHANT,1,maps_tool
Give me directions to REWE.,NAVIGATION,ROUTE,DIRECTIONS,maps_tool,navigation,,REWE,,,,,CURRENT_LOCATION,,false,false,false,GET_DIRECTIONS,single,GET_DIRECTIONS,1,maps_tool
How do I get to Lidl?,NAVIGATION,ROUTE,DIRECTIONS,maps_tool,navigation,,Lidl,,,,,CURRENT_LOCATION,,false,false,false,GET_DIRECTIONS,single,GET_DIRECTIONS,1,maps_tool
Show me the way to Aldi.,NAVIGATION,ROUTE,DIRECTIONS,maps_tool,navigation,,Aldi,,,,,CURRENT_LOCATION,,false,false,false,GET_DIRECTIONS,single,GET_DIRECTIONS,1,maps_tool
Tell me how to reach EDEKA.,NAVIGATION,ROUTE,DIRECTIONS,maps_tool,navigation,,EDEKA,,,,,CURRENT_LOCATION,,false,false,false,GET_DIRECTIONS,single,GET_DIRECTIONS,1,maps_tool
Give me turn-by-turn directions to Kaufland.,NAVIGATION,ROUTE,DIRECTIONS,maps_tool,navigation,,Kaufland,,,,,CURRENT_LOCATION,,false,false,false,GET_DIRECTIONS,single,GET_DIRECTIONS,1,maps_tool
How can I get to Penny?,NAVIGATION,ROUTE,DIRECTIONS,maps_tool,navigation,,Penny,,,,,CURRENT_LOCATION,,false,false,false,GET_DIRECTIONS,single,GET_DIRECTIONS,1,maps_tool
Show directions to Netto.,NAVIGATION,ROUTE,DIRECTIONS,maps_tool,navigation,,Netto,,,,,CURRENT_LOCATION,,false,false,false,GET_DIRECTIONS,single,GET_DIRECTIONS,1,maps_tool
Tell me the way to dm.,NAVIGATION,ROUTE,DIRECTIONS,maps_tool,navigation,,dm,,,,,CURRENT_LOCATION,,false,false,false,GET_DIRECTIONS,single,GET_DIRECTIONS,1,maps_tool
Give me directions to Rossmann.,NAVIGATION,ROUTE,DIRECTIONS,maps_tool,navigation,,Rossmann,,,,,CURRENT_LOCATION,,false,false,false,GET_DIRECTIONS,single,GET_DIRECTIONS,1,maps_tool
How do I reach this supermarket?,NAVIGATION,ROUTE,DIRECTIONS,maps_tool,navigation,,Selected Supermarket,,,,,CURRENT_LOCATION,,false,false,false,GET_DIRECTIONS,single,GET_DIRECTIONS,1,maps_tool
Show me how to get to the grocery store.,NAVIGATION,ROUTE,DIRECTIONS,maps_tool,navigation,,Selected Grocery Store,,,,,CURRENT_LOCATION,,false,false,false,GET_DIRECTIONS,single,GET_DIRECTIONS,1,maps_tool
Tell me the directions from here to the market.,NAVIGATION,ROUTE,DIRECTIONS,maps_tool,navigation,,Selected Market,,,,,CURRENT_LOCATION,,false,false,false,GET_DIRECTIONS,single,GET_DIRECTIONS,1,maps_tool
Give me walking directions to Lidl.,NAVIGATION,ROUTE,DIRECTIONS,maps_tool,navigation,,Lidl,,,,,CURRENT_LOCATION,,false,false,false,GET_DIRECTIONS,single,GET_DIRECTIONS,1,maps_tool
Show me driving directions to REWE.,NAVIGATION,ROUTE,DIRECTIONS,maps_tool,navigation,,REWE,,,,,CURRENT_LOCATION,,false,false,false,GET_DIRECTIONS,single,GET_DIRECTIONS,1,maps_tool
Tell me how to reach the bakery.,NAVIGATION,ROUTE,DIRECTIONS,maps_tool,navigation,,Selected Bakery,,,,,CURRENT_LOCATION,,false,false,false,GET_DIRECTIONS,single,GET_DIRECTIONS,1,maps_tool
Give me cycling directions to Aldi.,NAVIGATION,ROUTE,DIRECTIONS,maps_tool,navigation,,Aldi,,,,,CURRENT_LOCATION,,false,false,false,GET_DIRECTIONS,single,GET_DIRECTIONS,1,maps_tool
How do I get from here to the store?,NAVIGATION,ROUTE,DIRECTIONS,maps_tool,navigation,,Selected Store,,,,,CURRENT_LOCATION,,false,false,false,GET_DIRECTIONS,single,GET_DIRECTIONS,1,maps_tool
Show the steps to reach EDEKA.,NAVIGATION,ROUTE,DIRECTIONS,maps_tool,navigation,,EDEKA,,,,,CURRENT_LOCATION,,false,false,false,GET_DIRECTIONS,single,GET_DIRECTIONS,1,maps_tool
Tell me which way to go to Kaufland.,NAVIGATION,ROUTE,DIRECTIONS,maps_tool,navigation,,Kaufland,,,,,CURRENT_LOCATION,,false,false,false,GET_DIRECTIONS,single,GET_DIRECTIONS,1,maps_tool
Give me directions to the selected shop.,NAVIGATION,ROUTE,DIRECTIONS,maps_tool,navigation,,Selected Shop,,,,,CURRENT_LOCATION,,false,false,false,GET_DIRECTIONS,single,GET_DIRECTIONS,1,maps_tool
Open REWE on the map.,NAVIGATION,ROUTE,OPEN_MAP,maps_tool,navigation,,REWE,,,,,CURRENT_LOCATION,,false,false,false,OPEN_GOOGLE_MAPS,single,OPEN_GOOGLE_MAPS,1,maps_tool
Show Lidl on the map.,NAVIGATION,ROUTE,OPEN_MAP,maps_tool,navigation,,Lidl,,,,,CURRENT_LOCATION,,false,false,false,OPEN_GOOGLE_MAPS,single,OPEN_GOOGLE_MAPS,1,maps_tool
Open the map for Aldi.,NAVIGATION,ROUTE,OPEN_MAP,maps_tool,navigation,,Aldi,,,,,CURRENT_LOCATION,,false,false,false,OPEN_GOOGLE_MAPS,single,OPEN_GOOGLE_MAPS,1,maps_tool
Display EDEKA on the map.,NAVIGATION,ROUTE,OPEN_MAP,maps_tool,navigation,,EDEKA,,,,,CURRENT_LOCATION,,false,false,false,OPEN_GOOGLE_MAPS,single,OPEN_GOOGLE_MAPS,1,maps_tool
Show Kaufland's location on the map.,NAVIGATION,ROUTE,OPEN_MAP,maps_tool,navigation,,Kaufland,,,,,CURRENT_LOCATION,,false,false,false,OPEN_GOOGLE_MAPS,single,OPEN_GOOGLE_MAPS,1,maps_tool
Open Penny in the map.,NAVIGATION,ROUTE,OPEN_MAP,maps_tool,navigation,,Penny,,,,,CURRENT_LOCATION,,false,false,false,OPEN_GOOGLE_MAPS,single,OPEN_GOOGLE_MAPS,1,maps_tool
Display Netto on the map.,NAVIGATION,ROUTE,OPEN_MAP,maps_tool,navigation,,Netto,,,,,CURRENT_LOCATION,,false,false,false,OPEN_GOOGLE_MAPS,single,OPEN_GOOGLE_MAPS,1,maps_tool
Show dm on the map.,NAVIGATION,ROUTE,OPEN_MAP,maps_tool,navigation,,dm,,,,,CURRENT_LOCATION,,false,false,false,OPEN_GOOGLE_MAPS,single,OPEN_GOOGLE_MAPS,1,maps_tool
Open Rossmann's map location.,NAVIGATION,ROUTE,OPEN_MAP,maps_tool,navigation,,Rossmann,,,,,CURRENT_LOCATION,,false,false,false,OPEN_GOOGLE_MAPS,single,OPEN_GOOGLE_MAPS,1,maps_tool
Show this supermarket on the map.,NAVIGATION,ROUTE,OPEN_MAP,maps_tool,navigation,,Selected Supermarket,,,,,CURRENT_LOCATION,,false,false,false,OPEN_GOOGLE_MAPS,single,OPEN_GOOGLE_MAPS,1,maps_tool
Open the grocery store in maps.,NAVIGATION,ROUTE,OPEN_MAP,maps_tool,navigation,,Selected Grocery Store,,,,,CURRENT_LOCATION,,false,false,false,OPEN_GOOGLE_MAPS,single,OPEN_GOOGLE_MAPS,1,maps_tool
Display the selected store on the map.,NAVIGATION,ROUTE,OPEN_MAP,maps_tool,navigation,,Selected Store,,,,,CURRENT_LOCATION,,false,false,false,OPEN_GOOGLE_MAPS,single,OPEN_GOOGLE_MAPS,1,maps_tool
Show the market's map pin.,NAVIGATION,ROUTE,OPEN_MAP,maps_tool,navigation,,Selected Market,,,,,CURRENT_LOCATION,,false,false,false,OPEN_GOOGLE_MAPS,single,OPEN_GOOGLE_MAPS,1,maps_tool
Open a map of the bakery.,NAVIGATION,ROUTE,OPEN_MAP,maps_tool,navigation,,Selected Bakery,,,,,CURRENT_LOCATION,,false,false,false,OPEN_GOOGLE_MAPS,single,OPEN_GOOGLE_MAPS,1,maps_tool
Display the shop location on the map.,NAVIGATION,ROUTE,OPEN_MAP,maps_tool,navigation,,Selected Shop,,,,,CURRENT_LOCATION,,false,false,false,OPEN_GOOGLE_MAPS,single,OPEN_GOOGLE_MAPS,1,maps_tool
Show the store on Google Maps.,NAVIGATION,ROUTE,OPEN_MAP,maps_tool,navigation,,Selected Store,,,,,CURRENT_LOCATION,,false,false,false,OPEN_GOOGLE_MAPS,single,OPEN_GOOGLE_MAPS,1,maps_tool
Open the map view for REWE.,NAVIGATION,ROUTE,OPEN_MAP,maps_tool,navigation,,REWE,,,,,CURRENT_LOCATION,,false,false,false,OPEN_GOOGLE_MAPS,single,OPEN_GOOGLE_MAPS,1,maps_tool
Display Lidl's map pin.,NAVIGATION,ROUTE,OPEN_MAP,maps_tool,navigation,,Lidl,,,,,CURRENT_LOCATION,,false,false,false,OPEN_GOOGLE_MAPS,single,OPEN_GOOGLE_MAPS,1,maps_tool
Show the merchant location on a map.,NAVIGATION,ROUTE,OPEN_MAP,maps_tool,navigation,,Selected Merchant,,,,,CURRENT_LOCATION,,false,false,false,OPEN_GOOGLE_MAPS,single,OPEN_GOOGLE_MAPS,1,maps_tool
Open the selected grocery shop on the map.,NAVIGATION,ROUTE,OPEN_MAP,maps_tool,navigation,,Selected Grocery Store,,,,,CURRENT_LOCATION,,false,false,false,OPEN_GOOGLE_MAPS,single,OPEN_GOOGLE_MAPS,1,maps_tool
Find frozen pizza under €4 and route me to the cheapest store.,PRODUCT,SEARCH,SEARCH_BY_PRICE,merchant_search,hybrid,Frozen Pizza,,,,,4.0,CURRENT_LOCATION,,false,false,true,SEARCH_PRODUCT_BY_PRICE,sequential,SEARCH_PRODUCT_BY_PRICE > ROUTE_TO_MERCHANT,2,merchant_search > maps_tool
"Show me whole milk below €2, then start navigation to the best-priced option.",PRODUCT,SEARCH,SEARCH_BY_PRICE,merchant_search,hybrid,Whole Milk,,,,,2.0,CURRENT_LOCATION,,false,false,true,SEARCH_PRODUCT_BY_PRICE,sequential,SEARCH_PRODUCT_BY_PRICE > ROUTE_TO_MERCHANT,2,merchant_search > maps_tool
Search for olive oil costing no more than €8 and take me to the store.,PRODUCT,SEARCH,SEARCH_BY_PRICE,merchant_search,hybrid,Olive Oil,,,,,8.0,CURRENT_LOCATION,,false,false,true,SEARCH_PRODUCT_BY_PRICE,sequential,SEARCH_PRODUCT_BY_PRICE > ROUTE_TO_MERCHANT,2,merchant_search > maps_tool
Locate ground coffee under €6 and guide me to the cheapest seller.,PRODUCT,SEARCH,SEARCH_BY_PRICE,merchant_search,hybrid,Ground Coffee,,,,,6.0,CURRENT_LOCATION,,false,false,true,SEARCH_PRODUCT_BY_PRICE,sequential,SEARCH_PRODUCT_BY_PRICE > ROUTE_TO_MERCHANT,2,merchant_search > maps_tool
Find the lowest-priced basmati rice below €5 and navigate me there.,PRODUCT,SEARCH,SEARCH_BY_PRICE,merchant_search,hybrid,Basmati Rice,,,,,5.0,CURRENT_LOCATION,,false,false,true,SEARCH_PRODUCT_BY_PRICE,sequential,SEARCH_PRODUCT_BY_PRICE > ROUTE_TO_MERCHANT,2,merchant_search > maps_tool
Find eggs under €4 and route me to the cheapest store.,PRODUCT,SEARCH,SEARCH_BY_PRICE,merchant_search,hybrid,Eggs,,,,,4.0,CURRENT_LOCATION,,false,false,true,SEARCH_PRODUCT_BY_PRICE,sequential,SEARCH_PRODUCT_BY_PRICE > ROUTE_TO_MERCHANT,2,merchant_search > maps_tool
"Show me oat milk below €3, then start navigation to the best-priced option.",PRODUCT,SEARCH,SEARCH_BY_PRICE,merchant_search,hybrid,Oat Milk,,,,,3.0,CURRENT_LOCATION,,false,false,true,SEARCH_PRODUCT_BY_PRICE,sequential,SEARCH_PRODUCT_BY_PRICE > ROUTE_TO_MERCHANT,2,merchant_search > maps_tool
Search for cheddar cheese costing no more than €5 and take me to the store.,PRODUCT,SEARCH,SEARCH_BY_PRICE,merchant_search,hybrid,Cheddar Cheese,,,,,5.0,CURRENT_LOCATION,,false,false,true,SEARCH_PRODUCT_BY_PRICE,sequential,SEARCH_PRODUCT_BY_PRICE > ROUTE_TO_MERCHANT,2,merchant_search > maps_tool
Locate orange juice under €3 and guide me to the cheapest seller.,PRODUCT,SEARCH,SEARCH_BY_PRICE,merchant_search,hybrid,Orange Juice,,,,,3.0,CURRENT_LOCATION,,false,false,true,SEARCH_PRODUCT_BY_PRICE,sequential,SEARCH_PRODUCT_BY_PRICE > ROUTE_TO_MERCHANT,2,merchant_search > maps_tool
Find the lowest-priced chicken breast below €10 and navigate me there.,PRODUCT,SEARCH,SEARCH_BY_PRICE,merchant_search,hybrid,Chicken Breast,,,,,10.0,CURRENT_LOCATION,,false,false,true,SEARCH_PRODUCT_BY_PRICE,sequential,SEARCH_PRODUCT_BY_PRICE > ROUTE_TO_MERCHANT,2,merchant_search > maps_tool
Find Greek yogurt under €3 and open the cheapest store on the map.,PRODUCT,SEARCH,SEARCH_BY_PRICE,merchant_search,hybrid,Greek Yogurt,,,,,3.0,CURRENT_LOCATION,,false,false,true,SEARCH_PRODUCT_BY_PRICE,sequential,SEARCH_PRODUCT_BY_PRICE > OPEN_GOOGLE_MAPS,2,merchant_search > maps_tool
"Show me the best price for spaghetti below €2.5, then display the store on the map.",PRODUCT,SEARCH,SEARCH_BY_PRICE,merchant_search,hybrid,Spaghetti,,,,,2.5,CURRENT_LOCATION,,false,false,true,SEARCH_PRODUCT_BY_PRICE,sequential,SEARCH_PRODUCT_BY_PRICE > OPEN_GOOGLE_MAPS,2,merchant_search > maps_tool
Search for butter under €4 and open the winning location in maps.,PRODUCT,SEARCH,SEARCH_BY_PRICE,merchant_search,hybrid,Butter,,,,,4.0,CURRENT_LOCATION,,false,false,true,SEARCH_PRODUCT_BY_PRICE,sequential,SEARCH_PRODUCT_BY_PRICE > OPEN_GOOGLE_MAPS,2,merchant_search > maps_tool
Locate the cheapest mineral water below €1.5 and show me where the store is.,PRODUCT,SEARCH,SEARCH_BY_PRICE,merchant_search,hybrid,Mineral Water,,,,,1.5,CURRENT_LOCATION,,false,false,true,SEARCH_PRODUCT_BY_PRICE,sequential,SEARCH_PRODUCT_BY_PRICE > OPEN_GOOGLE_MAPS,2,merchant_search > maps_tool
"Find tomato sauce for no more than €2.5, then open that shop on the map.",PRODUCT,SEARCH,SEARCH_BY_PRICE,merchant_search,hybrid,Tomato Sauce,,,,,2.5,CURRENT_LOCATION,,false,false,true,SEARCH_PRODUCT_BY_PRICE,sequential,SEARCH_PRODUCT_BY_PRICE > OPEN_GOOGLE_MAPS,2,merchant_search > maps_tool
Compare prices for Kartoffel Püree and check whether the cheapest option is in stock.,PRODUCT,COMPARE,COMPARE_PRODUCTS,merchant_search,hybrid,Kartoffel Püree,,,,,,CURRENT_LOCATION,,false,false,true,COMPARE_PRODUCTS,parallel,COMPARE_PRODUCTS > CHECK_PRODUCT_AVAILABILITY,2,merchant_search > merchant_search
Find the lowest price for oat milk and confirm that it is available.,PRODUCT,COMPARE,COMPARE_PRODUCTS,merchant_search,hybrid,Oat Milk,,,,,,CURRENT_LOCATION,,false,false,true,COMPARE_PRODUCTS,parallel,COMPARE_PRODUCTS > CHECK_PRODUCT_AVAILABILITY,2,merchant_search > merchant_search
Show me the cheapest olive oil and check its availability.,PRODUCT,COMPARE,COMPARE_PRODUCTS,merchant_search,hybrid,Olive Oil,,,,,,CURRENT_LOCATION,,false,false,true,COMPARE_PRODUCTS,parallel,COMPARE_PRODUCTS > CHECK_PRODUCT_AVAILABILITY,2,merchant_search > merchant_search
"Compare ground coffee prices, then see if the best deal is in stock.",PRODUCT,COMPARE,COMPARE_PRODUCTS,merchant_search,hybrid,Ground Coffee,,,,,,CURRENT_LOCATION,,false,false,true,COMPARE_PRODUCTS,parallel,COMPARE_PRODUCTS > CHECK_PRODUCT_AVAILABILITY,2,merchant_search > merchant_search
Find a cheaper frozen pizza option and verify that I can buy it now.,PRODUCT,COMPARE,COMPARE_PRODUCTS,merchant_search,hybrid,Frozen Pizza,,,,,,CURRENT_LOCATION,,false,false,true,COMPARE_PRODUCTS,parallel,COMPARE_PRODUCTS > CHECK_PRODUCT_AVAILABILITY,2,merchant_search > merchant_search
Show the best-priced whole milk and check whether it is available today.,PRODUCT,COMPARE,COMPARE_PRODUCTS,merchant_search,hybrid,Whole Milk,,,,,,CURRENT_LOCATION,,false,false,true,COMPARE_PRODUCTS,parallel,COMPARE_PRODUCTS > CHECK_PRODUCT_AVAILABILITY,2,merchant_search > merchant_search
Compare the prices of basmati rice and confirm stock for the cheapest result.,PRODUCT,COMPARE,COMPARE_PRODUCTS,merchant_search,hybrid,Basmati Rice,,,,,,CURRENT_LOCATION,,false,false,true,COMPARE_PRODUCTS,parallel,COMPARE_PRODUCTS > CHECK_PRODUCT_AVAILABILITY,2,merchant_search > merchant_search
Find the cheapest place for cheddar cheese and check that the product is available.,PRODUCT,COMPARE,COMPARE_PRODUCTS,merchant_search,hybrid,Cheddar Cheese,,,,,,CURRENT_LOCATION,,false,false,true,COMPARE_PRODUCTS,parallel,COMPARE_PRODUCTS > CHECK_PRODUCT_AVAILABILITY,2,merchant_search > merchant_search
Compare prices for bananas and open the cheapest store on the map.,PRODUCT,COMPARE,COMPARE_PRODUCTS,merchant_search,hybrid,Bananas,,,,,,CURRENT_LOCATION,,false,false,true,COMPARE_PRODUCTS,sequential,COMPARE_PRODUCTS > OPEN_GOOGLE_MAPS,2,merchant_search > maps_tool
"Find the lowest price for tomato sauce, then show me the store location.",PRODUCT,COMPARE,COMPARE_PRODUCTS,merchant_search,hybrid,Tomato Sauce,,,,,,CURRENT_LOCATION,,false,false,true,COMPARE_PRODUCTS,sequential,COMPARE_PRODUCTS > OPEN_GOOGLE_MAPS,2,merchant_search > maps_tool
Show me the cheapest ice cream and open that shop in maps.,PRODUCT,COMPARE,COMPARE_PRODUCTS,merchant_search,hybrid,Ice Cream,,,,,,CURRENT_LOCATION,,false,false,true,COMPARE_PRODUCTS,sequential,COMPARE_PRODUCTS > OPEN_GOOGLE_MAPS,2,merchant_search > maps_tool
Compare black tea prices and display the best-priced store on the map.,PRODUCT,COMPARE,COMPARE_PRODUCTS,merchant_search,hybrid,Black Tea,,,,,,CURRENT_LOCATION,,false,false,true,COMPARE_PRODUCTS,sequential,COMPARE_PRODUCTS > OPEN_GOOGLE_MAPS,2,merchant_search > maps_tool
"Find a cheaper cornflakes option, then show me where to buy it.",PRODUCT,COMPARE,COMPARE_PRODUCTS,merchant_search,hybrid,Cornflakes,,,,,,CURRENT_LOCATION,,false,false,true,COMPARE_PRODUCTS,sequential,COMPARE_PRODUCTS > OPEN_GOOGLE_MAPS,2,merchant_search > maps_tool
Where is apples cheapest? Open that store on the map.,PRODUCT,COMPARE,COMPARE_PRODUCTS,merchant_search,hybrid,Apples,,,,,,CURRENT_LOCATION,,false,false,true,COMPARE_PRODUCTS,sequential,COMPARE_PRODUCTS > OPEN_GOOGLE_MAPS,2,merchant_search > maps_tool
Find the best deal on butter and display the seller in maps.,PRODUCT,COMPARE,COMPARE_PRODUCTS,merchant_search,hybrid,Butter,,,,,,CURRENT_LOCATION,,false,false,true,COMPARE_PRODUCTS,sequential,COMPARE_PRODUCTS > OPEN_GOOGLE_MAPS,2,merchant_search > maps_tool
Find Barilla pasta and compare the available prices.,PRODUCT,SEARCH,SEARCH_BY_BRAND,merchant_search,hybrid,Pasta,,Barilla,,,,CURRENT_LOCATION,,false,false,true,SEARCH_PRODUCT_BY_BRAND,sequential,SEARCH_PRODUCT_BY_BRAND > COMPARE_PRODUCTS,2,merchant_search > merchant_search
"Search for Alpro drinks, then show me the cheapest option.",PRODUCT,SEARCH,SEARCH_BY_BRAND,merchant_search,hybrid,Food and Drinks,,Alpro,,,,CURRENT_LOCATION,,false,false,true,SEARCH_PRODUCT_BY_BRAND,sequential,SEARCH_PRODUCT_BY_BRAND > COMPARE_PRODUCTS,2,merchant_search > merchant_search
Show me Lavazza coffee and compare prices across the results.,PRODUCT,SEARCH,SEARCH_BY_BRAND,merchant_search,hybrid,Coffee,,Lavazza,,,,CURRENT_LOCATION,,false,false,true,SEARCH_PRODUCT_BY_BRAND,sequential,SEARCH_PRODUCT_BY_BRAND > COMPARE_PRODUCTS,2,merchant_search > merchant_search
"Look for Milka chocolate, then find the best-priced product.",PRODUCT,SEARCH,SEARCH_BY_BRAND,merchant_search,hybrid,Chocolate,,Milka,,,,CURRENT_LOCATION,,false,false,true,SEARCH_PRODUCT_BY_BRAND,sequential,SEARCH_PRODUCT_BY_BRAND > COMPARE_PRODUCTS,2,merchant_search > merchant_search
Search for Dr. Oetker pizza and suggest the cheapest suitable option.,PRODUCT,SEARCH,SEARCH_BY_BRAND,merchant_search,hybrid,Pizza,,Dr. Oetker,,,,CURRENT_LOCATION,,false,false,true,SEARCH_PRODUCT_BY_BRAND,sequential,SEARCH_PRODUCT_BY_BRAND > COMPARE_PRODUCTS,2,merchant_search > merchant_search
Show me dairy products and compare the prices.,PRODUCT,SEARCH,SEARCH_BY_CATEGORY,merchant_search,hybrid,,,,Dairy,,,CURRENT_LOCATION,,false,false,true,SEARCH_PRODUCT_BY_CATEGORY,sequential,SEARCH_PRODUCT_BY_CATEGORY > COMPARE_PRODUCTS,2,merchant_search > merchant_search
"Find frozen foods, then identify the cheapest option.",PRODUCT,SEARCH,SEARCH_BY_CATEGORY,merchant_search,hybrid,,,,Frozen Food,,,CURRENT_LOCATION,,false,false,true,SEARCH_PRODUCT_BY_CATEGORY,sequential,SEARCH_PRODUCT_BY_CATEGORY > COMPARE_PRODUCTS,2,merchant_search > merchant_search
Search the breakfast cereals category and show me the best deal.,PRODUCT,SEARCH,SEARCH_BY_CATEGORY,merchant_search,hybrid,,,,Breakfast Cereal,,,CURRENT_LOCATION,,false,false,true,SEARCH_PRODUCT_BY_CATEGORY,sequential,SEARCH_PRODUCT_BY_CATEGORY > COMPARE_PRODUCTS,2,merchant_search > merchant_search
"Browse soft drinks, then compare prices for the results.",PRODUCT,SEARCH,SEARCH_BY_CATEGORY,merchant_search,hybrid,,,,Soft Drinks,,,CURRENT_LOCATION,,false,false,true,SEARCH_PRODUCT_BY_CATEGORY,sequential,SEARCH_PRODUCT_BY_CATEGORY > COMPARE_PRODUCTS,2,merchant_search > merchant_search
Find cleaning products and suggest a cheaper suitable product.,PRODUCT,SEARCH,SEARCH_BY_CATEGORY,merchant_search,hybrid,,,,Cleaning Products,,,CURRENT_LOCATION,,false,false,true,SEARCH_PRODUCT_BY_CATEGORY,sequential,SEARCH_PRODUCT_BY_CATEGORY > COMPARE_PRODUCTS,2,merchant_search > merchant_search
Check whether oat milk is available and give me directions to the store.,PRODUCT,CHECK,CHECK_AVAILABILITY,merchant_search,hybrid,Oat Milk,,,,,,CURRENT_LOCATION,,false,false,false,CHECK_PRODUCT_AVAILABILITY,sequential,CHECK_PRODUCT_AVAILABILITY > GET_DIRECTIONS,2,merchant_search > maps_tool
"See if frozen peas is in stock, then guide me to the seller.",PRODUCT,CHECK,CHECK_AVAILABILITY,merchant_search,hybrid,Frozen Peas,,,,,,CURRENT_LOCATION,,false,false,false,CHECK_PRODUCT_AVAILABILITY,sequential,CHECK_PRODUCT_AVAILABILITY > GET_DIRECTIONS,2,merchant_search > maps_tool
Confirm that chicken breast is available and show me how to get there.,PRODUCT,CHECK,CHECK_AVAILABILITY,merchant_search,hybrid,Chicken Breast,,,,,,CURRENT_LOCATION,,false,false,false,CHECK_PRODUCT_AVAILABILITY,sequential,CHECK_PRODUCT_AVAILABILITY > GET_DIRECTIONS,2,merchant_search > maps_tool
"Check stock for orange juice, then open directions to the store.",PRODUCT,CHECK,CHECK_AVAILABILITY,merchant_search,hybrid,Orange Juice,,,,,,CURRENT_LOCATION,,false,false,false,CHECK_PRODUCT_AVAILABILITY,sequential,CHECK_PRODUCT_AVAILABILITY > GET_DIRECTIONS,2,merchant_search > maps_tool
Find out whether Greek yogurt is available and take me to the shop.,PRODUCT,CHECK,CHECK_AVAILABILITY,merchant_search,hybrid,Greek Yogurt,,,,,,CURRENT_LOCATION,,false,false,false,CHECK_PRODUCT_AVAILABILITY,sequential,CHECK_PRODUCT_AVAILABILITY > GET_DIRECTIONS,2,merchant_search > maps_tool
"Find bananas, check whether it is in stock, and open the store on the map.",PRODUCT,SEARCH,SEARCH,merchant_search,hybrid,Bananas,,,,,,CURRENT_LOCATION,,false,false,false,SEARCH_PRODUCT,sequential,SEARCH_PRODUCT > CHECK_PRODUCT_AVAILABILITY > OPEN_GOOGLE_MAPS,3,merchant_search > merchant_search > maps_tool
"Search for whole milk, confirm availability, then show me the seller's location.",PRODUCT,SEARCH,SEARCH,merchant_search,hybrid,Whole Milk,,,,,,CURRENT_LOCATION,,false,false,false,SEARCH_PRODUCT,sequential,SEARCH_PRODUCT > CHECK_PRODUCT_AVAILABILITY > OPEN_GOOGLE_MAPS,3,merchant_search > merchant_search > maps_tool
"Look up spaghetti, check stock, and display the store in maps.",PRODUCT,SEARCH,SEARCH,merchant_search,hybrid,Spaghetti,,,,,,CURRENT_LOCATION,,false,false,false,SEARCH_PRODUCT,sequential,SEARCH_PRODUCT > CHECK_PRODUCT_AVAILABILITY > OPEN_GOOGLE_MAPS,3,merchant_search > merchant_search > maps_tool
"Find black tea, make sure it is available, then open the shop on the map.",PRODUCT,SEARCH,SEARCH,merchant_search,hybrid,Black Tea,,,,,,CURRENT_LOCATION,,false,false,false,SEARCH_PRODUCT,sequential,SEARCH_PRODUCT > CHECK_PRODUCT_AVAILABILITY > OPEN_GOOGLE_MAPS,3,merchant_search > merchant_search > maps_tool
"Search for tomato sauce, verify that I can buy it, and show me where.",PRODUCT,SEARCH,SEARCH,merchant_search,hybrid,Tomato Sauce,,,,,,CURRENT_LOCATION,,false,false,false,SEARCH_PRODUCT,sequential,SEARCH_PRODUCT > CHECK_PRODUCT_AVAILABILITY > OPEN_GOOGLE_MAPS,3,merchant_search > merchant_search > maps_tool
Find the nearest REWE and open its store details.,MERCHANT,SEARCH,NEARBY,merchant_api,hybrid,,REWE,,,,,CURRENT_LOCATION,1500,false,false,false,SEARCH_NEARBY_MERCHANTS,sequential,SEARCH_NEARBY_MERCHANTS > SHOW_MERCHANT_DETAILS,2,merchant_api > merchant_api
"Show me the closest Lidl, then display the store page.",MERCHANT,SEARCH,NEARBY,merchant_api,hybrid,,Lidl,,,,,CURRENT_LOCATION,1500,false,false,false,SEARCH_NEARBY_MERCHANTS,sequential,SEARCH_NEARBY_MERCHANTS > SHOW_MERCHANT_DETAILS,2,merchant_api > merchant_api
Locate a nearby Aldi and tell me more about it.,MERCHANT,SEARCH,NEARBY,merchant_api,hybrid,,Aldi,,,,,CURRENT_LOCATION,1500,false,false,false,SEARCH_NEARBY_MERCHANTS,sequential,SEARCH_NEARBY_MERCHANTS > SHOW_MERCHANT_DETAILS,2,merchant_api > merchant_api
Find the closest EDEKA and show its merchant profile.,MERCHANT,SEARCH,NEARBY,merchant_api,hybrid,,EDEKA,,,,,CURRENT_LOCATION,1500,false,false,false,SEARCH_NEARBY_MERCHANTS,sequential,SEARCH_NEARBY_MERCHANTS > SHOW_MERCHANT_DETAILS,2,merchant_api > merchant_api
"Search for a Kaufland near me, then open its details.",MERCHANT,SEARCH,NEARBY,merchant_api,hybrid,,Kaufland,,,,,CURRENT_LOCATION,1500,false,false,false,SEARCH_NEARBY_MERCHANTS,sequential,SEARCH_NEARBY_MERCHANTS > SHOW_MERCHANT_DETAILS,2,merchant_api > merchant_api
Which Penny is nearest? Show me the store information.,MERCHANT,SEARCH,NEARBY,merchant_api,hybrid,,Penny,,,,,CURRENT_LOCATION,1500,false,false,false,SEARCH_NEARBY_MERCHANTS,sequential,SEARCH_NEARBY_MERCHANTS > SHOW_MERCHANT_DETAILS,2,merchant_api > merchant_api
Find a nearby Netto and display its basic details.,MERCHANT,SEARCH,NEARBY,merchant_api,hybrid,,Netto,,,,,CURRENT_LOCATION,1500,false,false,false,SEARCH_NEARBY_MERCHANTS,sequential,SEARCH_NEARBY_MERCHANTS > SHOW_MERCHANT_DETAILS,2,merchant_api > merchant_api
"Locate the closest dm, then show the store profile.",MERCHANT,SEARCH,NEARBY,merchant_api,hybrid,,dm,,,,,CURRENT_LOCATION,1500,false,false,false,SEARCH_NEARBY_MERCHANTS,sequential,SEARCH_NEARBY_MERCHANTS > SHOW_MERCHANT_DETAILS,2,merchant_api > merchant_api
Find the nearest Aldi and show today's opening hours.,MERCHANT,SEARCH,NEARBY,merchant_api,hybrid,,Aldi,,,,,CURRENT_LOCATION,1500,false,false,false,SEARCH_NEARBY_MERCHANTS,sequential,SEARCH_NEARBY_MERCHANTS > SHOW_MERCHANT_OPENING_HOURS,2,merchant_api > merchant_api
"Locate a nearby EDEKA, then tell me when it closes.",MERCHANT,SEARCH,NEARBY,merchant_api,hybrid,,EDEKA,,,,,CURRENT_LOCATION,1500,false,false,false,SEARCH_NEARBY_MERCHANTS,sequential,SEARCH_NEARBY_MERCHANTS > SHOW_MERCHANT_OPENING_HOURS,2,merchant_api > merchant_api
Show me the closest Kaufland and check whether it is open now.,MERCHANT,SEARCH,NEARBY,merchant_api,hybrid,,Kaufland,,,,,CURRENT_LOCATION,1500,false,false,false,SEARCH_NEARBY_MERCHANTS,sequential,SEARCH_NEARBY_MERCHANTS > SHOW_MERCHANT_OPENING_HOURS,2,merchant_api > merchant_api
Find a Penny near me and display its business hours.,MERCHANT,SEARCH,NEARBY,merchant_api,hybrid,,Penny,,,,,CURRENT_LOCATION,1500,false,false,false,SEARCH_NEARBY_MERCHANTS,sequential,SEARCH_NEARBY_MERCHANTS > SHOW_MERCHANT_OPENING_HOURS,2,merchant_api > merchant_api
Which Netto is nearest? Show its opening times.,MERCHANT,SEARCH,NEARBY,merchant_api,hybrid,,Netto,,,,,CURRENT_LOCATION,1500,false,false,false,SEARCH_NEARBY_MERCHANTS,sequential,SEARCH_NEARBY_MERCHANTS > SHOW_MERCHANT_OPENING_HOURS,2,merchant_api > merchant_api
"Locate the closest dm, then tell me when it opens.",MERCHANT,SEARCH,NEARBY,merchant_api,hybrid,,dm,,,,,CURRENT_LOCATION,1500,false,false,false,SEARCH_NEARBY_MERCHANTS,sequential,SEARCH_NEARBY_MERCHANTS > SHOW_MERCHANT_OPENING_HOURS,2,merchant_api > merchant_api
Find a nearby Rossmann and show its weekend hours.,MERCHANT,SEARCH,NEARBY,merchant_api,hybrid,,Rossmann,,,,,CURRENT_LOCATION,1500,false,false,false,SEARCH_NEARBY_MERCHANTS,sequential,SEARCH_NEARBY_MERCHANTS > SHOW_MERCHANT_OPENING_HOURS,2,merchant_api > merchant_api
"Show the nearest Globus, then check today's closing time.",MERCHANT,SEARCH,NEARBY,merchant_api,hybrid,,Globus,,,,,CURRENT_LOCATION,1500,false,false,false,SEARCH_NEARBY_MERCHANTS,sequential,SEARCH_NEARBY_MERCHANTS > SHOW_MERCHANT_OPENING_HOURS,2,merchant_api > merchant_api
Find the nearest REWE and route me there.,MERCHANT,SEARCH,NEARBY,merchant_api,hybrid,,REWE,,,,,CURRENT_LOCATION,1500,false,false,false,SEARCH_NEARBY_MERCHANTS,sequential,SEARCH_NEARBY_MERCHANTS > ROUTE_TO_MERCHANT,2,merchant_api > maps_tool
"Locate the closest Lidl, then start navigation.",MERCHANT,SEARCH,NEARBY,merchant_api,hybrid,,Lidl,,,,,CURRENT_LOCATION,1500,false,false,false,SEARCH_NEARBY_MERCHANTS,sequential,SEARCH_NEARBY_MERCHANTS > ROUTE_TO_MERCHANT,2,merchant_api > maps_tool
Show me a nearby Aldi and take me to it.,MERCHANT,SEARCH,NEARBY,merchant_api,hybrid,,Aldi,,,,,CURRENT_LOCATION,1500,false,false,false,SEARCH_NEARBY_MERCHANTS,sequential,SEARCH_NEARBY_MERCHANTS > ROUTE_TO_MERCHANT,2,merchant_api > maps_tool
Find the closest EDEKA and plan the route.,MERCHANT,SEARCH,NEARBY,merchant_api,hybrid,,EDEKA,,,,,CURRENT_LOCATION,1500,false,false,false,SEARCH_NEARBY_MERCHANTS,sequential,SEARCH_NEARBY_MERCHANTS > ROUTE_TO_MERCHANT,2,merchant_api > maps_tool
"Search for a Kaufland near me, then guide me there.",MERCHANT,SEARCH,NEARBY,merchant_api,hybrid,,Kaufland,,,,,CURRENT_LOCATION,1500,false,false,false,SEARCH_NEARBY_MERCHANTS,sequential,SEARCH_NEARBY_MERCHANTS > ROUTE_TO_MERCHANT,2,merchant_api > maps_tool
Which Penny is nearest? Start the trip to that store.,MERCHANT,SEARCH,NEARBY,merchant_api,hybrid,,Penny,,,,,CURRENT_LOCATION,1500,false,false,false,SEARCH_NEARBY_MERCHANTS,sequential,SEARCH_NEARBY_MERCHANTS > ROUTE_TO_MERCHANT,2,merchant_api > maps_tool
Locate a nearby Netto and open navigation.,MERCHANT,SEARCH,NEARBY,merchant_api,hybrid,,Netto,,,,,CURRENT_LOCATION,1500,false,false,false,SEARCH_NEARBY_MERCHANTS,sequential,SEARCH_NEARBY_MERCHANTS > ROUTE_TO_MERCHANT,2,merchant_api > maps_tool
"Find the nearest dm, then create a route to it.",MERCHANT,SEARCH,NEARBY,merchant_api,hybrid,,dm,,,,,CURRENT_LOCATION,1500,false,false,false,SEARCH_NEARBY_MERCHANTS,sequential,SEARCH_NEARBY_MERCHANTS > ROUTE_TO_MERCHANT,2,merchant_api > maps_tool
"Find REWE, open its store details, and show the phone number.",MERCHANT,SEARCH,SEARCH,merchant_api,hybrid,,REWE,,,,,,,false,false,false,SEARCH_MERCHANT,sequential,SEARCH_MERCHANT > SHOW_MERCHANT_DETAILS > SHOW_MERCHANT_CONTACT,3,merchant_api > merchant_api > merchant_api
"Search for Lidl, display the store page, then give me the contact details.",MERCHANT,SEARCH,SEARCH,merchant_api,hybrid,,Lidl,,,,,,,false,false,false,SEARCH_MERCHANT,sequential,SEARCH_MERCHANT > SHOW_MERCHANT_DETAILS > SHOW_MERCHANT_CONTACT,3,merchant_api > merchant_api > merchant_api
"Show me Aldi, tell me about the store, and provide its phone number.",MERCHANT,SEARCH,SEARCH,merchant_api,hybrid,,Aldi,,,,,,,false,false,false,SEARCH_MERCHANT,sequential,SEARCH_MERCHANT > SHOW_MERCHANT_DETAILS > SHOW_MERCHANT_CONTACT,3,merchant_api > merchant_api > merchant_api
"Find EDEKA, open the merchant profile, then show how to contact it.",MERCHANT,SEARCH,SEARCH,merchant_api,hybrid,,EDEKA,,,,,,,false,false,false,SEARCH_MERCHANT,sequential,SEARCH_MERCHANT > SHOW_MERCHANT_DETAILS > SHOW_MERCHANT_CONTACT,3,merchant_api > merchant_api > merchant_api
"Search for Kaufland, display its details, and give me the email address.",MERCHANT,SEARCH,SEARCH,merchant_api,hybrid,,Kaufland,,,,,,,false,false,false,SEARCH_MERCHANT,sequential,SEARCH_MERCHANT > SHOW_MERCHANT_DETAILS > SHOW_MERCHANT_CONTACT,3,merchant_api > merchant_api > merchant_api
"Find Penny, show the store information, then display its contact data.",MERCHANT,SEARCH,SEARCH,merchant_api,hybrid,,Penny,,,,,,,false,false,false,SEARCH_MERCHANT,sequential,SEARCH_MERCHANT > SHOW_MERCHANT_DETAILS > SHOW_MERCHANT_CONTACT,3,merchant_api > merchant_api > merchant_api
"Show me Kaufland's store details, opening hours, and contact information.",MERCHANT,SHOW,DETAILS,merchant_api,hybrid,,Kaufland,,,,,,,false,false,false,SHOW_MERCHANT_DETAILS,sequential,SHOW_MERCHANT_DETAILS > SHOW_MERCHANT_OPENING_HOURS > SHOW_MERCHANT_CONTACT,3,merchant_api > merchant_api > merchant_api
"Open the Penny store page, then show its hours and phone number.",MERCHANT,SHOW,DETAILS,merchant_api,hybrid,,Penny,,,,,,,false,false,false,SHOW_MERCHANT_DETAILS,sequential,SHOW_MERCHANT_DETAILS > SHOW_MERCHANT_OPENING_HOURS > SHOW_MERCHANT_CONTACT,3,merchant_api > merchant_api > merchant_api
"Display details for Netto, check when it is open, and give me the contact data.",MERCHANT,SHOW,DETAILS,merchant_api,hybrid,,Netto,,,,,,,false,false,false,SHOW_MERCHANT_DETAILS,sequential,SHOW_MERCHANT_DETAILS > SHOW_MERCHANT_OPENING_HOURS > SHOW_MERCHANT_CONTACT,3,merchant_api > merchant_api > merchant_api
"Tell me about dm, then show today's hours and how to reach the store.",MERCHANT,SHOW,DETAILS,merchant_api,hybrid,,dm,,,,,,,false,false,false,SHOW_MERCHANT_DETAILS,sequential,SHOW_MERCHANT_DETAILS > SHOW_MERCHANT_OPENING_HOURS > SHOW_MERCHANT_CONTACT,3,merchant_api > merchant_api > merchant_api
"Open Rossmann's merchant profile, display its opening times, and show the email address.",MERCHANT,SHOW,DETAILS,merchant_api,hybrid,,Rossmann,,,,,,,false,false,false,SHOW_MERCHANT_DETAILS,sequential,SHOW_MERCHANT_DETAILS > SHOW_MERCHANT_OPENING_HOURS > SHOW_MERCHANT_CONTACT,3,merchant_api > merchant_api > merchant_api
"Show the details for Globus, then its business hours and telephone number.",MERCHANT,SHOW,DETAILS,merchant_api,hybrid,,Globus,,,,,,,false,false,false,SHOW_MERCHANT_DETAILS,sequential,SHOW_MERCHANT_DETAILS > SHOW_MERCHANT_OPENING_HOURS > SHOW_MERCHANT_CONTACT,3,merchant_api > merchant_api > merchant_api
Show REWE's opening hours and contact details.,MERCHANT,SHOW,OPENING_HOURS,merchant_api,hybrid,,REWE,,,,,,,false,false,false,SHOW_MERCHANT_OPENING_HOURS,parallel,SHOW_MERCHANT_OPENING_HOURS > SHOW_MERCHANT_CONTACT,2,merchant_api > merchant_api
Tell me when Lidl is open and give me its phone number.,MERCHANT,SHOW,OPENING_HOURS,merchant_api,hybrid,,Lidl,,,,,,,false,false,false,SHOW_MERCHANT_OPENING_HOURS,parallel,SHOW_MERCHANT_OPENING_HOURS > SHOW_MERCHANT_CONTACT,2,merchant_api > merchant_api
Display Aldi's business hours and email address.,MERCHANT,SHOW,OPENING_HOURS,merchant_api,hybrid,,Aldi,,,,,,,false,false,false,SHOW_MERCHANT_OPENING_HOURS,parallel,SHOW_MERCHANT_OPENING_HOURS > SHOW_MERCHANT_CONTACT,2,merchant_api > merchant_api
Check today's hours for EDEKA and show how to contact the store.,MERCHANT,SHOW,OPENING_HOURS,merchant_api,hybrid,,EDEKA,,,,,,,false,false,false,SHOW_MERCHANT_OPENING_HOURS,parallel,SHOW_MERCHANT_OPENING_HOURS > SHOW_MERCHANT_CONTACT,2,merchant_api > merchant_api
Show when Kaufland closes and provide the contact information.,MERCHANT,SHOW,OPENING_HOURS,merchant_api,hybrid,,Kaufland,,,,,,,false,false,false,SHOW_MERCHANT_OPENING_HOURS,parallel,SHOW_MERCHANT_OPENING_HOURS > SHOW_MERCHANT_CONTACT,2,merchant_api > merchant_api
Show me Penny's store details and open it on the map.,MERCHANT,SHOW,DETAILS,merchant_api,hybrid,,Penny,,,,,CURRENT_LOCATION,,false,false,false,SHOW_MERCHANT_DETAILS,sequential,SHOW_MERCHANT_DETAILS > OPEN_GOOGLE_MAPS,2,merchant_api > maps_tool
"Display information about Netto, then show its location.",MERCHANT,SHOW,DETAILS,merchant_api,hybrid,,Netto,,,,,CURRENT_LOCATION,,false,false,false,SHOW_MERCHANT_DETAILS,sequential,SHOW_MERCHANT_DETAILS > OPEN_GOOGLE_MAPS,2,merchant_api > maps_tool
Open the dm store profile and display the shop in maps.,MERCHANT,SHOW,DETAILS,merchant_api,hybrid,,dm,,,,,CURRENT_LOCATION,,false,false,false,SHOW_MERCHANT_DETAILS,sequential,SHOW_MERCHANT_DETAILS > OPEN_GOOGLE_MAPS,2,merchant_api > maps_tool
"Tell me about Rossmann, then open the store location on the map.",MERCHANT,SHOW,DETAILS,merchant_api,hybrid,,Rossmann,,,,,CURRENT_LOCATION,,false,false,false,SHOW_MERCHANT_DETAILS,sequential,SHOW_MERCHANT_DETAILS > OPEN_GOOGLE_MAPS,2,merchant_api > maps_tool
Show the details for Globus and display its map pin.,MERCHANT,SHOW,DETAILS,merchant_api,hybrid,,Globus,,,,,CURRENT_LOCATION,,false,false,false,SHOW_MERCHANT_DETAILS,sequential,SHOW_MERCHANT_DETAILS > OPEN_GOOGLE_MAPS,2,merchant_api > maps_tool
"Find Lidl, open its store details, and show it on the map.",MERCHANT,SEARCH,SEARCH,merchant_api,hybrid,,Lidl,,,,,CURRENT_LOCATION,,false,false,false,SEARCH_MERCHANT,sequential,SEARCH_MERCHANT > SHOW_MERCHANT_DETAILS > OPEN_GOOGLE_MAPS,3,merchant_api > merchant_api > maps_tool
"Search for Aldi, display the merchant page, then open the location.",MERCHANT,SEARCH,SEARCH,merchant_api,hybrid,,Aldi,,,,,CURRENT_LOCATION,,false,false,false,SEARCH_MERCHANT,sequential,SEARCH_MERCHANT > SHOW_MERCHANT_DETAILS > OPEN_GOOGLE_MAPS,3,merchant_api > merchant_api > maps_tool
"Show me EDEKA, tell me about the store, and display it in maps.",MERCHANT,SEARCH,SEARCH,merchant_api,hybrid,,EDEKA,,,,,CURRENT_LOCATION,,false,false,false,SEARCH_MERCHANT,sequential,SEARCH_MERCHANT > SHOW_MERCHANT_DETAILS > OPEN_GOOGLE_MAPS,3,merchant_api > merchant_api > maps_tool
"Find Kaufland, open its profile, then show me where it is.",MERCHANT,SEARCH,SEARCH,merchant_api,hybrid,,Kaufland,,,,,CURRENT_LOCATION,,false,false,false,SEARCH_MERCHANT,sequential,SEARCH_MERCHANT > SHOW_MERCHANT_DETAILS > OPEN_GOOGLE_MAPS,3,merchant_api > merchant_api > maps_tool
Navigate me to REWE and show today's opening hours.,NAVIGATION,ROUTE,ROUTE,maps_tool,navigation,,REWE,,,,,CURRENT_LOCATION,,false,false,false,ROUTE_TO_MERCHANT,sequential,ROUTE_TO_MERCHANT > SHOW_MERCHANT_OPENING_HOURS,2,maps_tool > merchant_api
"Start a route to Lidl, then tell me when it closes.",NAVIGATION,ROUTE,ROUTE,maps_tool,navigation,,Lidl,,,,,CURRENT_LOCATION,,false,false,false,ROUTE_TO_MERCHANT,sequential,ROUTE_TO_MERCHANT > SHOW_MERCHANT_OPENING_HOURS,2,maps_tool > merchant_api
Take me to Aldi and check whether the store is open.,NAVIGATION,ROUTE,ROUTE,maps_tool,navigation,,Aldi,,,,,CURRENT_LOCATION,,false,false,false,ROUTE_TO_MERCHANT,sequential,ROUTE_TO_MERCHANT > SHOW_MERCHANT_OPENING_HOURS,2,maps_tool > merchant_api
"Plan the trip to EDEKA, then display its business hours.",NAVIGATION,ROUTE,ROUTE,maps_tool,navigation,,EDEKA,,,,,CURRENT_LOCATION,,false,false,false,ROUTE_TO_MERCHANT,sequential,ROUTE_TO_MERCHANT > SHOW_MERCHANT_OPENING_HOURS,2,maps_tool > merchant_api
Route me to Kaufland and show the opening times.,NAVIGATION,ROUTE,ROUTE,maps_tool,navigation,,Kaufland,,,,,CURRENT_LOCATION,,false,false,false,ROUTE_TO_MERCHANT,sequential,ROUTE_TO_MERCHANT > SHOW_MERCHANT_OPENING_HOURS,2,maps_tool > merchant_api
"Start navigation to Penny, then tell me when it opens.",NAVIGATION,ROUTE,ROUTE,maps_tool,navigation,,Penny,,,,,CURRENT_LOCATION,,false,false,false,ROUTE_TO_MERCHANT,sequential,ROUTE_TO_MERCHANT > SHOW_MERCHANT_OPENING_HOURS,2,maps_tool > merchant_api
Guide me to Netto and display the weekend hours.,NAVIGATION,ROUTE,ROUTE,maps_tool,navigation,,Netto,,,,,CURRENT_LOCATION,,false,false,false,ROUTE_TO_MERCHANT,sequential,ROUTE_TO_MERCHANT > SHOW_MERCHANT_OPENING_HOURS,2,maps_tool > merchant_api
"Create a route to dm, then show today's closing time.",NAVIGATION,ROUTE,ROUTE,maps_tool,navigation,,dm,,,,,CURRENT_LOCATION,,false,false,false,ROUTE_TO_MERCHANT,sequential,ROUTE_TO_MERCHANT > SHOW_MERCHANT_OPENING_HOURS,2,maps_tool > merchant_api
Take me to Rossmann and check its opening hours.,NAVIGATION,ROUTE,ROUTE,maps_tool,navigation,,Rossmann,,,,,CURRENT_LOCATION,,false,false,false,ROUTE_TO_MERCHANT,sequential,ROUTE_TO_MERCHANT > SHOW_MERCHANT_OPENING_HOURS,2,maps_tool > merchant_api
"Navigate to Globus, then display when the store is open.",NAVIGATION,ROUTE,ROUTE,maps_tool,navigation,,Globus,,,,,CURRENT_LOCATION,,false,false,false,ROUTE_TO_MERCHANT,sequential,ROUTE_TO_MERCHANT > SHOW_MERCHANT_OPENING_HOURS,2,maps_tool > merchant_api
Give me directions to REWE and show the store details.,NAVIGATION,ROUTE,DIRECTIONS,maps_tool,navigation,,REWE,,,,,CURRENT_LOCATION,,false,false,false,GET_DIRECTIONS,sequential,GET_DIRECTIONS > SHOW_MERCHANT_DETAILS,2,maps_tool > merchant_api
"Tell me how to get to Lidl, then open its store page.",NAVIGATION,ROUTE,DIRECTIONS,maps_tool,navigation,,Lidl,,,,,CURRENT_LOCATION,,false,false,false,GET_DIRECTIONS,sequential,GET_DIRECTIONS > SHOW_MERCHANT_DETAILS,2,maps_tool > merchant_api
Show me the way to Aldi and tell me more about the store.,NAVIGATION,ROUTE,DIRECTIONS,maps_tool,navigation,,Aldi,,,,,CURRENT_LOCATION,,false,false,false,GET_DIRECTIONS,sequential,GET_DIRECTIONS > SHOW_MERCHANT_DETAILS,2,maps_tool > merchant_api
"Give me turn-by-turn directions to EDEKA, then display its profile.",NAVIGATION,ROUTE,DIRECTIONS,maps_tool,navigation,,EDEKA,,,,,CURRENT_LOCATION,,false,false,false,GET_DIRECTIONS,sequential,GET_DIRECTIONS > SHOW_MERCHANT_DETAILS,2,maps_tool > merchant_api
Explain how to reach Kaufland and show the merchant information.,NAVIGATION,ROUTE,DIRECTIONS,maps_tool,navigation,,Kaufland,,,,,CURRENT_LOCATION,,false,false,false,GET_DIRECTIONS,sequential,GET_DIRECTIONS > SHOW_MERCHANT_DETAILS,2,maps_tool > merchant_api
"Show driving directions to Penny, then open the store details.",NAVIGATION,ROUTE,DIRECTIONS,maps_tool,navigation,,Penny,,,,,CURRENT_LOCATION,,false,false,false,GET_DIRECTIONS,sequential,GET_DIRECTIONS > SHOW_MERCHANT_DETAILS,2,maps_tool > merchant_api
Give me walking directions to Netto and display its basic information.,NAVIGATION,ROUTE,DIRECTIONS,maps_tool,navigation,,Netto,,,,,CURRENT_LOCATION,,false,false,false,GET_DIRECTIONS,sequential,GET_DIRECTIONS > SHOW_MERCHANT_DETAILS,2,maps_tool > merchant_api
"Tell me the route to dm, then show the store page.",NAVIGATION,ROUTE,DIRECTIONS,maps_tool,navigation,,dm,,,,,CURRENT_LOCATION,,false,false,false,GET_DIRECTIONS,sequential,GET_DIRECTIONS > SHOW_MERCHANT_DETAILS,2,maps_tool > merchant_api
Open Lidl on the map and show its phone number.,NAVIGATION,ROUTE,OPEN_MAP,maps_tool,navigation,,Lidl,,,,,CURRENT_LOCATION,,false,false,false,OPEN_GOOGLE_MAPS,parallel,OPEN_GOOGLE_MAPS > SHOW_MERCHANT_CONTACT,2,maps_tool > merchant_api
Display Aldi's location and give me the contact details.,NAVIGATION,ROUTE,OPEN_MAP,maps_tool,navigation,,Aldi,,,,,CURRENT_LOCATION,,false,false,false,OPEN_GOOGLE_MAPS,parallel,OPEN_GOOGLE_MAPS > SHOW_MERCHANT_CONTACT,2,maps_tool > merchant_api
Show EDEKA in maps and provide the store's email address.,NAVIGATION,ROUTE,OPEN_MAP,maps_tool,navigation,,EDEKA,,,,,CURRENT_LOCATION,,false,false,false,OPEN_GOOGLE_MAPS,parallel,OPEN_GOOGLE_MAPS > SHOW_MERCHANT_CONTACT,2,maps_tool > merchant_api
Open the map for Kaufland and tell me how to contact it.,NAVIGATION,ROUTE,OPEN_MAP,maps_tool,navigation,,Kaufland,,,,,CURRENT_LOCATION,,false,false,false,OPEN_GOOGLE_MAPS,parallel,OPEN_GOOGLE_MAPS > SHOW_MERCHANT_CONTACT,2,maps_tool > merchant_api
Display Penny's map pin and show the telephone number.,NAVIGATION,ROUTE,OPEN_MAP,maps_tool,navigation,,Penny,,,,,CURRENT_LOCATION,,false,false,false,OPEN_GOOGLE_MAPS,parallel,OPEN_GOOGLE_MAPS > SHOW_MERCHANT_CONTACT,2,maps_tool > merchant_api
Show the Netto location and its contact information.,NAVIGATION,ROUTE,OPEN_MAP,maps_tool,navigation,,Netto,,,,,CURRENT_LOCATION,,false,false,false,OPEN_GOOGLE_MAPS,parallel,OPEN_GOOGLE_MAPS > SHOW_MERCHANT_CONTACT,2,maps_tool > merchant_api
Open dm in maps and give me the customer service number.,NAVIGATION,ROUTE,OPEN_MAP,maps_tool,navigation,,dm,,,,,CURRENT_LOCATION,,false,false,false,OPEN_GOOGLE_MAPS,parallel,OPEN_GOOGLE_MAPS > SHOW_MERCHANT_CONTACT,2,maps_tool > merchant_api
Take me to REWE and check whether oat milk is available there.,NAVIGATION,ROUTE,ROUTE,maps_tool,navigation,Oat Milk,REWE,,,,,CURRENT_LOCATION,,false,false,false,ROUTE_TO_MERCHANT,sequential,ROUTE_TO_MERCHANT > CHECK_PRODUCT_AVAILABILITY,2,maps_tool > merchant_search
"Navigate to Lidl, then see if frozen pizza is in stock.",NAVIGATION,ROUTE,ROUTE,maps_tool,navigation,Frozen Pizza,Lidl,,,,,CURRENT_LOCATION,,false,false,false,ROUTE_TO_MERCHANT,sequential,ROUTE_TO_MERCHANT > CHECK_PRODUCT_AVAILABILITY,2,maps_tool > merchant_search
Route me to Aldi and confirm that it has whole milk.,NAVIGATION,ROUTE,ROUTE,maps_tool,navigation,Whole Milk,Aldi,,,,,CURRENT_LOCATION,,false,false,false,ROUTE_TO_MERCHANT,sequential,ROUTE_TO_MERCHANT > CHECK_PRODUCT_AVAILABILITY,2,maps_tool > merchant_search
"Start navigation to EDEKA, then check availability for eggs.",NAVIGATION,ROUTE,ROUTE,maps_tool,navigation,Eggs,EDEKA,,,,,CURRENT_LOCATION,,false,false,false,ROUTE_TO_MERCHANT,sequential,ROUTE_TO_MERCHANT > CHECK_PRODUCT_AVAILABILITY,2,maps_tool > merchant_search
Guide me to Kaufland and see whether I can buy olive oil there.,NAVIGATION,ROUTE,ROUTE,maps_tool,navigation,Olive Oil,Kaufland,,,,,CURRENT_LOCATION,,false,false,false,ROUTE_TO_MERCHANT,sequential,ROUTE_TO_MERCHANT > CHECK_PRODUCT_AVAILABILITY,2,maps_tool > merchant_search
"Plan a route to Penny, then check stock for orange juice.",NAVIGATION,ROUTE,ROUTE,maps_tool,navigation,Orange Juice,Penny,,,,,CURRENT_LOCATION,,false,false,false,ROUTE_TO_MERCHANT,sequential,ROUTE_TO_MERCHANT > CHECK_PRODUCT_AVAILABILITY,2,maps_tool > merchant_search
Take me to Netto and verify that ground coffee is available.,NAVIGATION,ROUTE,ROUTE,maps_tool,navigation,Ground Coffee,Netto,,,,,CURRENT_LOCATION,,false,false,false,ROUTE_TO_MERCHANT,sequential,ROUTE_TO_MERCHANT > CHECK_PRODUCT_AVAILABILITY,2,maps_tool > merchant_search
"Navigate me to Globus, then check if the store has chicken breast.",NAVIGATION,ROUTE,ROUTE,maps_tool,navigation,Chicken Breast,Globus,,,,,CURRENT_LOCATION,,false,false,false,ROUTE_TO_MERCHANT,sequential,ROUTE_TO_MERCHANT > CHECK_PRODUCT_AVAILABILITY,2,maps_tool > merchant_search
"Give me directions to REWE, then show its opening hours and phone number.",NAVIGATION,ROUTE,DIRECTIONS,maps_tool,navigation,,REWE,,,,,CURRENT_LOCATION,,false,false,false,GET_DIRECTIONS,sequential,GET_DIRECTIONS > SHOW_MERCHANT_OPENING_HOURS > SHOW_MERCHANT_CONTACT,3,maps_tool > merchant_api > merchant_api
"Tell me how to get to Lidl, then display today's hours and contact details.",NAVIGATION,ROUTE,DIRECTIONS,maps_tool,navigation,,Lidl,,,,,CURRENT_LOCATION,,false,false,false,GET_DIRECTIONS,sequential,GET_DIRECTIONS > SHOW_MERCHANT_OPENING_HOURS > SHOW_MERCHANT_CONTACT,3,maps_tool > merchant_api > merchant_api
"Show me the way to Aldi, check when it closes, and give me the email address.",NAVIGATION,ROUTE,DIRECTIONS,maps_tool,navigation,,Aldi,,,,,CURRENT_LOCATION,,false,false,false,GET_DIRECTIONS,sequential,GET_DIRECTIONS > SHOW_MERCHANT_OPENING_HOURS > SHOW_MERCHANT_CONTACT,3,maps_tool > merchant_api > merchant_api
"Give me driving directions to EDEKA, then show its business hours and telephone number.",NAVIGATION,ROUTE,DIRECTIONS,maps_tool,navigation,,EDEKA,,,,,CURRENT_LOCATION,,false,false,false,GET_DIRECTIONS,sequential,GET_DIRECTIONS > SHOW_MERCHANT_OPENING_HOURS > SHOW_MERCHANT_CONTACT,3,maps_tool > merchant_api > merchant_api
"Explain how to reach Kaufland, then display the opening times and contact information.",NAVIGATION,ROUTE,DIRECTIONS,maps_tool,navigation,,Kaufland,,,,,CURRENT_LOCATION,,false,false,false,GET_DIRECTIONS,sequential,GET_DIRECTIONS > SHOW_MERCHANT_OPENING_HOURS > SHOW_MERCHANT_CONTACT,3,maps_tool > merchant_api > merchant_api
"Show walking directions to Penny, then tell me when it is open and how to contact it.",NAVIGATION,ROUTE,DIRECTIONS,maps_tool,navigation,,Penny,,,,,CURRENT_LOCATION,,false,false,false,GET_DIRECTIONS,sequential,GET_DIRECTIONS > SHOW_MERCHANT_OPENING_HOURS > SHOW_MERCHANT_CONTACT,3,maps_tool > merchant_api > merchant_api
"Open Kaufland on the map, then show the store details and opening hours.",NAVIGATION,ROUTE,OPEN_MAP,maps_tool,navigation,,Kaufland,,,,,CURRENT_LOCATION,,false,false,false,OPEN_GOOGLE_MAPS,sequential,OPEN_GOOGLE_MAPS > SHOW_MERCHANT_DETAILS > SHOW_MERCHANT_OPENING_HOURS,3,maps_tool > merchant_api > merchant_api
"Display Penny's location, open its merchant page, and show when it closes.",NAVIGATION,ROUTE,OPEN_MAP,maps_tool,navigation,,Penny,,,,,CURRENT_LOCATION,,false,false,false,OPEN_GOOGLE_MAPS,sequential,OPEN_GOOGLE_MAPS > SHOW_MERCHANT_DETAILS > SHOW_MERCHANT_OPENING_HOURS,3,maps_tool > merchant_api > merchant_api
"Show Netto in maps, then display the store information and today's hours.",NAVIGATION,ROUTE,OPEN_MAP,maps_tool,navigation,,Netto,,,,,CURRENT_LOCATION,,false,false,false,OPEN_GOOGLE_MAPS,sequential,OPEN_GOOGLE_MAPS > SHOW_MERCHANT_DETAILS > SHOW_MERCHANT_OPENING_HOURS,3,maps_tool > merchant_api > merchant_api
"Open the map for dm, tell me about the store, and show its business hours.",NAVIGATION,ROUTE,OPEN_MAP,maps_tool,navigation,,dm,,,,,CURRENT_LOCATION,,false,false,false,OPEN_GOOGLE_MAPS,sequential,OPEN_GOOGLE_MAPS > SHOW_MERCHANT_DETAILS > SHOW_MERCHANT_OPENING_HOURS,3,maps_tool > merchant_api > merchant_api
"Display Rossmann's map pin, then open its profile and check whether it is open.",NAVIGATION,ROUTE,OPEN_MAP,maps_tool,navigation,,Rossmann,,,,,CURRENT_LOCATION,,false,false,false,OPEN_GOOGLE_MAPS,sequential,OPEN_GOOGLE_MAPS > SHOW_MERCHANT_DETAILS > SHOW_MERCHANT_OPENING_HOURS,3,maps_tool > merchant_api > merchant_api
"Show the Globus location, then display its details and opening times.",NAVIGATION,ROUTE,OPEN_MAP,maps_tool,navigation,,Globus,,,,,CURRENT_LOCATION,,false,false,false,OPEN_GOOGLE_MAPS,sequential,OPEN_GOOGLE_MAPS > SHOW_MERCHANT_DETAILS > SHOW_MERCHANT_OPENING_HOURS,3,maps_tool > merchant_api > merchant_api
Start a route to REWE and keep the store open on the map.,NAVIGATION,ROUTE,ROUTE,maps_tool,navigation,,REWE,,,,,CURRENT_LOCATION,,false,false,false,ROUTE_TO_MERCHANT,sequential,ROUTE_TO_MERCHANT > OPEN_GOOGLE_MAPS,2,maps_tool > maps_tool
"Navigate me to Lidl, then display its map location.",NAVIGATION,ROUTE,ROUTE,maps_tool,navigation,,Lidl,,,,,CURRENT_LOCATION,,false,false,false,ROUTE_TO_MERCHANT,sequential,ROUTE_TO_MERCHANT > OPEN_GOOGLE_MAPS,2,maps_tool > maps_tool
Route me to Aldi and open the shop in maps.,NAVIGATION,ROUTE,ROUTE,maps_tool,navigation,,Aldi,,,,,CURRENT_LOCATION,,false,false,false,ROUTE_TO_MERCHANT,sequential,ROUTE_TO_MERCHANT > OPEN_GOOGLE_MAPS,2,maps_tool > maps_tool
"Take me to EDEKA, then show the store pin on the map.",NAVIGATION,ROUTE,ROUTE,maps_tool,navigation,,EDEKA,,,,,CURRENT_LOCATION,,false,false,false,ROUTE_TO_MERCHANT,sequential,ROUTE_TO_MERCHANT > OPEN_GOOGLE_MAPS,2,maps_tool > maps_tool
Plan the trip to Kaufland and display the destination in maps.,NAVIGATION,ROUTE,ROUTE,maps_tool,navigation,,Kaufland,,,,,CURRENT_LOCATION,,false,false,false,ROUTE_TO_MERCHANT,sequential,ROUTE_TO_MERCHANT > OPEN_GOOGLE_MAPS,2,maps_tool > maps_tool
